trial_id,graph_type,true_mincut,karger_cut,karger_ms,karger_correct,ks_cut,ks_ms,ks_correct
1,erdos,0,0,0.1767,1,0,6.2291,1
2,clique,5,37,0.9853,0,5,16.3006,1
3,erdos,3,5,0.2222,0,3,5.3697,1
4,clique,5,37,0.9755,0,5,15.4731,1
5,clique,5,37,0.9486,0,5,15.9507,1
6,clique,5,5,1.0173,1,5,17.1595,1
7,clique,5,5,1.1239,1,5,16.2323,1
8,clique,5,5,1.0791,1,5,15.4698,1
9,clique,5,38,1.2484,0,5,15.9313,1
10,clique,5,5,1.2343,1,5,16.5088,1
11,erdos,1,1,0.2534,1,1,4.8664,1
12,clique,5,5,1.1786,1,5,19.9409,1
13,erdos,3,5,0.3159,0,3,6.4904,1
14,clique,5,72,1.0736,0,5,15.5044,1
15,erdos,2,2,0.2326,1,2,5.0128,1
16,clique,5,5,0.9235,1,5,18.8526,1
17,clique,5,37,0.8916,0,5,17.9526,1
18,clique,5,37,1.0655,0,5,15.4403,1
19,clique,5,36,1.3648,0,5,17.5684,1
20,erdos,2,3,0.1791,0,2,4.597,1
21,erdos,2,5,0.1715,0,2,4.2787,1
22,clique,5,5,1.0324,1,5,16.8976,1
23,erdos,2,3,0.2267,0,2,4.555,1
24,clique,5,36,1.0685,0,5,20.0104,1
25,clique,5,37,1.002,0,5,16.74,1
26,clique,5,5,0.9862,1,5,17.2941,1
27,clique,5,36,0.9237,0,5,15.0251,1
28,clique,5,5,0.9807,1,5,16.4961,1
29,erdos,2,5,0.2453,0,2,5.1102,1
30,clique,5,37,1.0897,0,5,15.6623,1
31,clique,5,36,1.0497,0,5,16.878,1
32,erdos,1,8,0.2373,0,1,6.0837,1
33,erdos,2,2,0.2053,1,2,5.1163,1
34,clique,5,5,1.1474,1,5,16.2095,1
35,clique,5,5,0.9883,1,5,20.6092,1
36,erdos,2,3,0.1918,0,3,4.9869,0
37,clique,5,37,2.0915,0,5,16.4622,1
38,erdos,2,3,0.2815,0,2,6.535,1
39,clique,5,36,1.5332,0,5,27.2122,1
40,clique,5,5,1.032,1,5,20.6451,1
41,clique,5,5,1.1361,1,5,26.844,1
42,erdos,2,8,0.2332,0,2,7.3493,1
43,clique,5,36,1.3831,0,5,23.9842,1
44,clique,5,36,1.3215,0,5,27.2774,1
45,clique,5,5,2.4282,1,5,27.9567,1
46,clique,5,36,1.6548,0,5,22.6294,1
47,clique,5,5,1.5807,1,5,19.9422,1
48,clique,5,37,1.8423,0,5,17.646,1
49,erdos,3,3,0.2869,1,3,5.4353,1
50,clique,5,36,1.2034,0,5,23.2496,1
51,erdos,1,5,0.4509,0,1,7.5802,1
52,clique,5,37,1.1305,0,5,22.1044,1
53,erdos,2,4,0.2748,0,2,4.7585,1
54,erdos,3,3,0.2079,1,3,5.5332,1
55,erdos,3,4,0.1997,0,3,4.7909,1
56,clique,5,37,0.9764,0,5,17.4386,1
57,clique,5,5,1.0789,1,5,29.2129,1
58,clique,5,37,1.6453,0,5,48.7331,1
59,clique,5,5,2.1981,1,5,54.2714,1
60,erdos,2,6,3.3576,0,2,19.8427,1
61,erdos,3,5,0.5185,0,3,24.0056,1
62,erdos,4,5,0.7336,0,4,18.4423,1
63,erdos,2,3,0.9705,0,2,15.8412,1
64,erdos,1,1,0.4822,1,1,12.7705,1
65,clique,5,37,4.3562,0,5,37.9517,1
66,erdos,1,1,0.4,1,1,11.6868,1
67,erdos,3,6,0.3911,0,3,11.5136,1
68,clique,5,5,1.6451,1,5,29.9318,1
69,erdos,3,6,0.3166,0,3,9.2797,1
70,erdos,3,4,0.4521,0,3,9.6212,1
71,clique,5,36,1.9571,0,5,38.2166,1
72,clique,5,5,2.1645,1,5,34.1482,1
73,erdos,3,4,0.5123,0,3,13.5522,1
74,clique,5,37,2.4368,0,5,46.1518,1
75,clique,5,36,2.1271,0,5,33.0725,1
76,clique,5,37,1.7221,0,5,28.9787,1
77,erdos,3,4,0.5549,0,3,9.2971,1
78,erdos,1,4,0.3042,0,1,8.2016,1
79,erdos,2,3,0.2949,0,2,9.4269,1
80,clique,5,5,2.2375,1,5,32.3906,1
81,clique,5,5,1.672,1,5,29.7456,1
82,erdos,3,3,0.3544,1,3,9.127,1
83,clique,5,5,1.6997,1,5,26.5626,1
84,clique,5,5,1.4761,1,5,26.3592,1
85,erdos,3,4,0.4506,0,3,9.4291,1
86,clique,5,36,1.5669,0,5,29.3328,1
87,clique,5,36,1.8609,0,5,25.0187,1
88,erdos,4,9,0.3113,0,4,8.2243,1
89,erdos,2,4,0.2848,0,2,15.3657,1
90,erdos,3,6,0.2808,0,3,9.6483,1
91,clique,5,37,1.4089,0,5,61.7149,1
92,erdos,1,2,5.776,0,1,19.6174,1
93,erdos,2,3,0.3287,0,2,9.2294,1
94,erdos,2,5,0.2907,0,2,8.5053,1
95,erdos,2,3,0.6016,0,2,8.808,1
96,erdos,3,6,0.2721,0,3,15.0089,1
97,clique,5,36,2.9255,0,5,34.8908,1
98,erdos,1,3,0.2647,0,1,8.4245,1
99,clique,5,38,1.8942,0,5,25.8606,1
100,clique,5,5,1.5701,1,5,27.514,1
101,erdos,2,2,0.5893,1,2,9.0289,1
102,clique,5,72,1.4762,0,5,27.8337,1
103,erdos,2,4,0.3586,0,2,10.2643,1
104,erdos,2,2,0.3202,1,2,22.0496,1
105,clique,5,5,1.9127,1,5,34.8999,1
106,clique,5,72,1.4471,0,5,34.3815,1
107,clique,5,38,1.6892,0,5,28.1875,1
108,clique,5,36,1.536,0,5,27.39,1
109,clique,5,36,1.6723,0,5,32.3287,1
110,erdos,2,3,0.4201,0,2,7.9193,1
111,erdos,3,6,0.2856,0,3,9.7705,1
112,clique,5,41,1.4031,0,5,27.589,1
113,clique,5,5,1.3071,1,5,26.5225,1
114,clique,5,5,1.6883,1,5,25.4675,1
115,clique,5,5,1.4479,1,5,27.2097,1
116,clique,5,5,1.8733,1,5,23.9868,1
117,erdos,2,3,0.3585,0,2,9.5884,1
118,erdos,3,8,0.2802,0,3,8.2705,1
119,clique,5,5,1.3895,1,5,31.0241,1
120,clique,5,5,1.5859,1,5,24.9303,1
121,erdos,2,8,0.262,0,2,8.4008,1
122,clique,5,5,1.4485,1,5,30.5256,1
123,clique,5,5,1.4942,1,5,34.2014,1
124,clique,5,36,1.5145,0,5,59.4438,1
125,erdos,1,6,0.5114,0,1,9.6938,1
126,erdos,2,2,0.3235,1,2,8.1688,1
127,clique,5,5,1.7162,1,5,28.7229,1
128,erdos,3,4,0.2978,0,3,9.5052,1
129,clique,5,36,1.6603,0,5,28.4996,1
130,clique,5,5,1.4518,1,5,32.2826,1
131,erdos,2,2,0.3529,1,2,10.1095,1
132,erdos,2,3,0.3138,0,2,8.3296,1
133,erdos,2,2,0.304,1,2,11.0592,1
134,erdos,2,4,0.3924,0,2,10.2754,1
135,clique,5,5,1.579,1,5,29.3002,1
136,erdos,3,7,0.2961,0,3,36.3235,1
137,clique,5,5,2.1154,1,5,28.2044,1
138,erdos,1,1,0.3279,1,1,7.9797,1
139,clique,5,5,1.6249,1,5,43.8399,1
140,clique,5,37,1.7791,0,5,27.4131,1
141,clique,5,36,1.4417,0,5,29.2178,1
142,clique,5,37,1.8415,0,5,30.6821,1
143,erdos,1,2,0.7489,0,1,9.4453,1
144,clique,5,36,1.7538,0,5,32.0647,1
145,clique,5,70,1.9061,0,5,37.162,1
146,clique,5,5,1.7648,1,5,54.6544,1
147,clique,5,37,2.0459,0,36,31.7232,0
148,clique,5,5,1.5688,1,5,29.825,1
149,clique,5,36,1.6094,0,5,31.5475,1
150,clique,5,5,1.672,1,5,36.279,1
151,erdos,2,6,0.3245,0,2,11.0137,1
152,clique,5,5,1.6605,1,5,31.9241,1
153,clique,5,36,1.6797,0,5,26.3874,1
154,clique,5,5,1.3993,1,36,28.1945,0
155,erdos,1,5,0.3,0,1,8.0161,1
156,erdos,1,1,0.2904,1,1,7.9944,1
157,erdos,2,4,0.2865,0,2,7.6283,1
158,clique,5,36,1.4828,0,5,27.3122,1
159,erdos,3,6,0.3038,0,3,8.5915,1
160,clique,5,36,1.538,0,5,26.4099,1
161,clique,5,37,1.485,0,5,27.2063,1
162,clique,5,5,1.4579,1,5,27.3696,1
163,clique,5,5,1.4848,1,5,26.3283,1
164,erdos,1,2,0.2806,0,1,7.5494,1
165,clique,5,5,1.388,1,5,30.7541,1
166,clique,5,5,1.5523,1,5,29.0642,1
167,erdos,2,2,0.3399,1,2,8.8362,1
168,erdos,3,8,0.3243,0,3,9.2472,1
169,erdos,1,1,0.341,1,1,9.1512,1
170,clique,5,40,1.6054,0,5,30.7281,1
171,clique,5,5,1.5374,1,5,28.4572,1
172,clique,5,5,1.5634,1,5,28.9516,1
173,erdos,2,2,0.3385,1,2,8.5307,1
174,clique,5,36,2.0796,0,5,27.9629,1
175,erdos,2,6,0.3291,0,2,9.0209,1
176,erdos,3,6,0.347,0,3,10.3744,1
177,erdos,3,4,0.3512,0,3,9.0728,1
178,clique,5,37,1.726,0,5,33.14,1
179,erdos,1,7,0.3962,0,1,9.234,1
180,clique,5,37,2.5498,0,5,28.8478,1
181,erdos,4,4,0.4132,1,4,9.8181,1
182,erdos,2,6,0.317,0,2,9.383,1
183,erdos,1,1,0.3103,1,1,8.8332,1
184,clique,5,5,2.6397,1,5,30.502,1
185,erdos,1,6,0.3123,0,1,8.986,1
186,clique,5,36,1.5965,0,5,35.2119,1
187,erdos,3,4,0.3277,0,3,11.3528,1
188,erdos,3,6,0.3785,0,3,11.8334,1
189,erdos,2,6,0.366,0,2,9.9852,1
190,erdos,2,3,0.3099,0,2,8.2295,1
191,erdos,1,4,1.1685,0,1,7.701,1
192,clique,5,36,1.4165,0,5,28.9269,1
193,erdos,3,3,0.4178,1,3,9.0434,1
194,clique,5,37,1.5265,0,5,28.7141,1
195,erdos,3,3,0.5664,1,3,8.8608,1
196,erdos,1,5,0.2601,0,1,9.4496,1
197,clique,5,37,1.4269,0,5,27.9661,1
198,erdos,3,4,0.3022,0,3,7.7293,1
199,clique,5,36,1.4714,0,5,33.6282,1
200,clique,5,5,1.4117,1,5,27.6242,1
201,clique,5,36,1.3737,0,5,26.983,1
202,erdos,0,0,0.2931,1,0,7.5682,1
203,erdos,2,6,0.2905,0,2,8.1083,1
204,erdos,2,2,0.2538,1,2,7.8906,1
205,clique,5,5,1.5952,1,5,27.5538,1
206,erdos,3,4,0.2991,0,3,8.0223,1
207,erdos,0,0,0.2563,1,0,7.8348,1
208,clique,5,5,1.3598,1,5,24.6792,1
209,erdos,2,5,0.2725,0,2,8.1948,1
210,erdos,0,0,0.2454,1,0,8.0833,1
211,clique,5,37,1.7796,0,5,33.4441,1
212,clique,5,36,2.5309,0,5,33.5569,1
213,erdos,2,2,0.4563,1,2,11.6022,1
214,erdos,1,1,0.3137,1,1,8.2712,1
215,erdos,2,2,0.5478,1,2,9.0865,1
216,erdos,3,4,0.5138,0,3,25.3724,1
217,clique,5,37,1.5366,0,5,40.3209,1
218,clique,5,36,1.4716,0,5,29.7523,1
219,erdos,2,4,0.3071,0,2,10.182,1
220,erdos,3,3,0.637,1,3,12.3344,1
221,clique,5,36,1.6251,0,5,29.0024,1
222,clique,5,37,1.5442,0,5,27.6756,1
223,clique,5,5,1.577,1,5,51.6806,1
224,clique,5,5,1.5872,1,5,31.4346,1
225,clique,5,37,1.7815,0,5,42.5307,1
226,clique,5,5,2.2329,1,5,35.2895,1
227,erdos,2,5,0.4032,0,2,9.3738,1
228,clique,5,5,2.8693,1,5,33.4539,1
229,erdos,1,1,0.334,1,1,10.3576,1
230,erdos,3,4,0.3155,0,3,13.9402,1
231,clique,5,36,1.8508,0,5,35.0718,1
232,clique,5,5,1.6676,1,36,32.8318,0
233,clique,5,5,4.0723,1,5,33.9604,1
234,clique,5,37,2.1058,0,5,41.237,1
235,clique,5,5,2.6999,1,5,33.2383,1
236,clique,5,5,1.6894,1,5,31.9301,1
237,erdos,2,5,0.341,0,2,9.6025,1
238,clique,5,36,2.2235,0,5,32.0198,1
239,erdos,1,5,0.4552,0,1,11.6927,1
240,clique,5,5,2.1221,1,5,36.3491,1
241,clique,5,36,2.4371,0,5,34.6707,1
242,erdos,3,3,0.4247,1,3,24.443,1
243,erdos,1,2,0.487,0,1,7.6757,1
244,erdos,1,4,0.6834,0,1,8.5392,1
245,erdos,1,2,4.6099,0,1,10.1579,1
246,clique,5,36,3.7297,0,5,30.921,1
247,erdos,2,5,0.3255,0,2,10.7972,1
248,clique,5,5,1.6993,1,5,163.732,1
249,clique,5,37,2.0638,0,5,42.9955,1
250,clique,5,36,1.6274,0,5,59.0401,1
251,clique,5,5,1.7132,1,5,52.1727,1
252,erdos,2,2,0.4152,1,2,14.2606,1
253,clique,5,37,3.0294,0,5,43.3291,1
254,erdos,3,5,0.3379,0,3,9.7322,1
255,erdos,3,4,0.3313,0,3,8.8404,1
256,clique,5,5,1.6881,1,5,55.9443,1
257,erdos,2,9,0.4479,0,2,15.5907,1
258,clique,5,5,1.8056,1,5,28.3575,1
259,erdos,2,5,0.3502,0,2,8.7628,1
260,erdos,3,3,0.3091,1,3,9.6845,1
261,erdos,3,4,0.3632,0,3,10.4165,1
262,clique,5,37,1.9468,0,5,31.761,1
263,clique,5,5,2.3414,1,5,31.2753,1
264,erdos,1,3,0.3559,0,1,8.0546,1
265,clique,5,37,1.6371,0,5,33.3383,1
266,erdos,2,2,0.433,1,2,10.0241,1
267,clique,5,38,1.7186,0,5,30.2466,1
268,clique,5,37,2.0617,0,5,32.0722,1
269,clique,5,36,1.6734,0,5,31.6396,1
270,clique,5,5,1.7553,1,5,24.6226,1
271,clique,5,37,1.7394,0,5,27.7922,1
272,erdos,2,6,0.3484,0,2,10.1892,1
273,clique,5,36,1.6278,0,5,28.3358,1
274,clique,5,5,1.4848,1,5,27.6226,1
275,clique,5,5,1.5254,1,5,26.8123,1
276,clique,5,5,1.6216,1,5,24.3893,1
277,erdos,3,6,0.3073,0,3,8.6571,1
278,clique,5,5,1.5391,1,5,31.9677,1
279,clique,5,5,1.7612,1,5,28.455,1
280,erdos,3,4,0.317,0,3,8.3735,1
281,erdos,2,3,0.3289,0,2,8.8564,1
282,clique,5,37,1.451,0,5,27.1852,1
283,clique,5,36,1.4188,0,5,29.641,1
284,clique,5,5,1.6003,1,5,26.7772,1
285,clique,5,5,1.4353,1,5,28.4861,1
286,clique,5,38,1.7991,0,5,30.5911,1
287,clique,5,5,1.4237,1,5,25.8293,1
288,erdos,1,1,0.3055,1,1,7.7036,1
289,clique,5,5,1.5264,1,5,29.1406,1
290,erdos,2,2,0.3009,1,2,8.2153,1
291,clique,5,36,1.5682,0,5,26.6921,1
292,clique,5,37,1.415,0,5,28.2897,1
293,clique,5,5,1.9724,1,5,30.957,1
294,erdos,2,5,0.3666,0,2,8.1398,1
295,erdos,2,3,0.2835,0,2,8.8741,1
296,clique,5,5,1.3932,1,5,28.84,1
297,clique,5,37,1.6424,0,5,26.0055,1
298,erdos,1,1,0.3683,1,1,8.515,1
299,erdos,3,6,0.3824,0,3,8.5464,1
300,erdos,3,8,0.2812,0,3,8.3998,1
301,erdos,2,6,0.3566,0,2,8.3334,1
302,erdos,0,0,0.4084,1,0,7.4239,1
303,erdos,0,0,0.2766,1,0,7.5428,1
304,clique,5,5,1.7462,1,5,26.7776,1
305,clique,5,5,1.5531,1,5,28.6402,1
306,clique,5,37,1.8082,0,5,32.2516,1
307,erdos,1,5,0.3765,0,1,7.7656,1
308,erdos,2,6,0.891,0,2,10.7837,1
309,erdos,2,2,0.2964,1,2,8.8063,1
310,clique,5,5,1.3676,1,5,29.0223,1
311,erdos,1,5,0.3833,0,1,8.5442,1
312,erdos,1,1,0.3143,1,1,8.0692,1
313,clique,5,5,1.6397,1,5,28.2783,1
314,erdos,3,4,0.2823,0,3,9.1349,1
315,erdos,2,6,0.3055,0,2,8.7335,1
316,clique,5,5,1.5158,1,5,30.2148,1
317,clique,5,36,1.4605,0,5,27.5659,1
318,clique,5,5,2.0087,1,5,27.2667,1
319,clique,5,5,1.5853,1,5,27.8819,1
320,clique,5,36,1.5781,0,5,29.7188,1
321,erdos,2,14,0.4116,0,2,10.3205,1
322,erdos,2,7,0.3235,0,2,11.2736,1
323,erdos,1,1,0.4371,1,1,9.1788,1
324,erdos,1,4,0.251,0,1,7.7974,1
325,erdos,3,3,0.2858,1,3,11.4015,1
326,erdos,2,2,0.3269,1,2,8.6286,1
327,erdos,2,4,0.2561,0,2,8.1896,1
328,erdos,3,8,0.4544,0,3,9.9392,1
329,clique,5,37,1.5593,0,5,30.3207,1
330,clique,5,5,2.3326,1,5,30.8022,1
331,erdos,2,8,0.3106,0,2,9.5591,1
332,clique,5,37,1.6537,0,36,33.3735,0
333,clique,5,5,1.6834,1,5,31.2945,1
334,erdos,2,6,0.3173,0,2,9.4708,1
335,erdos,2,6,1.1463,0,2,9.3825,1
336,erdos,3,4,0.8519,0,3,9.6448,1
337,clique,5,37,1.5775,0,5,31.0854,1
338,erdos,3,4,0.4006,0,3,10.3372,1
339,clique,5,5,1.4158,1,5,30.4659,1
340,erdos,2,4,0.2907,0,2,8.6553,1
341,erdos,3,3,0.3292,1,3,8.7761,1
342,clique,5,5,1.7002,1,5,54.8984,1
343,clique,5,5,1.6085,1,5,28.9162,1
344,clique,5,36,1.7009,0,5,32.4719,1
345,erdos,3,9,0.3265,0,3,9.4395,1
346,erdos,2,2,0.353,1,2,11.7627,1
347,clique,5,36,2.0508,0,5,34.9433,1
348,erdos,2,4,0.3761,0,2,8.187,1
349,erdos,2,4,1.8104,0,2,32.4791,1
350,erdos,3,3,1.3984,1,3,36.4814,1
351,clique,5,36,5.3879,0,5,103.022,1
352,clique,5,38,6.268,0,5,120.301,1
353,clique,5,5,6.2006,1,5,69.3909,1
354,clique,5,5,1.7894,1,5,32.9055,1
355,erdos,4,10,0.403,0,4,28.0724,1
356,erdos,2,10,0.4314,0,2,26.5347,1
357,erdos,4,4,0.5253,1,4,29.7144,1
358,erdos,2,2,1.0684,1,2,32.9815,1
359,erdos,2,5,1.9052,0,2,32.5483,1
360,erdos,2,2,0.4223,1,2,31.7992,1
361,clique,5,5,7.9119,1,5,113.088,1
362,clique,5,5,4.138,1,5,104.97,1
363,erdos,3,3,1.2357,1,3,35.6708,1
364,erdos,2,7,1.3026,0,2,30.1599,1
365,clique,5,5,6.357,1,5,105.251,1
366,clique,5,5,4.8506,1,5,105.696,1
367,clique,5,5,6.3511,1,5,105.593,1
368,erdos,4,4,0.5198,1,4,30.9931,1
369,erdos,2,2,1.3499,1,2,35.6163,1
370,erdos,2,5,1.4421,0,2,31.8061,1
371,erdos,3,7,1.8526,0,4,35.6654,0
372,erdos,2,7,0.3245,0,2,31.949,1
373,clique,5,37,5.2438,0,5,105.304,1
374,clique,5,70,5.2257,0,5,85.3808,1
375,erdos,0,0,1.5017,1,0,36.9824,1
376,erdos,2,3,1.1864,0,2,33.8889,1
377,erdos,2,6,1.2443,0,2,36.0109,1
378,erdos,3,4,0.5436,0,3,27.5497,1
379,clique,5,36,6.1315,0,5,140.426,1
380,clique,5,5,2.178,1,5,57.0299,1
381,erdos,3,5,0.5213,0,3,25.963,1
382,clique,5,5,1.7722,1,5,95.015,1
383,erdos,2,4,0.3194,0,2,13.2464,1
384,erdos,3,6,0.3175,0,3,9.9212,1
385,clique,5,5,6.9335,1,5,115.906,1
386,erdos,3,6,0.5747,0,3,19.0762,1
387,erdos,1,4,0.346,0,1,31.5283,1
388,erdos,2,5,0.3548,0,2,34.3363,1
389,clique,5,36,7.1715,0,5,104.237,1
390,erdos,2,10,2.5889,0,2,13.7282,1
391,erdos,3,6,1.8334,0,3,31.5764,1
392,clique,5,5,5.9812,1,5,77.889,1
393,erdos,2,3,0.6816,0,2,17.1528,1
394,erdos,2,2,1.4141,1,2,22.8212,1
395,clique,5,5,1.9765,1,5,57.5928,1
396,clique,5,37,1.8092,0,5,67.3412,1
397,clique,5,36,8.4225,0,5,102.031,1
398,erdos,2,2,1.6504,1,2,36.8822,1
399,erdos,2,2,1.6003,1,2,43.6016,1
400,clique,5,37,3.2628,0,5,110.949,1
401,erdos,2,2,0.8613,1,2,26.5237,1
402,erdos,1,1,0.4263,1,1,35.1745,1
403,clique,5,36,6.8892,0,5,130.12,1
404,clique,5,37,16.6617,0,5,112.891,1
405,erdos,1,4,2.1409,0,1,36.8355,1
406,erdos,2,5,0.8616,0,2,38.7145,1
407,erdos,1,1,1.5452,1,1,35.2389,1
408,clique,5,5,5.5533,1,5,110.318,1
409,clique,5,5,3.7637,1,5,130.646,1
410,clique,5,37,4.7216,0,5,103.165,1
411,erdos,2,6,1.6186,0,2,30.8708,1
412,clique,5,5,5.6156,1,5,85.5549,1
413,clique,5,5,6.6879,1,5,99.214,1
414,erdos,3,3,1.2582,1,3,32.2853,1
415,erdos,1,4,0.48,0,1,47.0464,1
416,erdos,3,3,0.3002,1,3,46.7107,1
417,erdos,1,5,3.1786,0,1,28.7459,1
418,clique,5,5,14.0644,1,5,106.711,1
419,clique,5,5,5.5717,1,5,113.54,1
420,erdos,3,7,0.7397,0,3,24.4948,1
421,clique,5,37,4.4328,0,5,97.9401,1
422,clique,5,5,4.7137,1,5,91.8143,1
423,clique,5,36,5.5032,0,5,89.9221,1
424,erdos,2,6,1.1381,0,2,27.1769,1
425,clique,5,5,1.6671,1,5,39.0157,1
426,clique,5,37,3.9821,0,5,65.6925,1
427,clique,5,5,4.3392,1,5,96.0484,1
428,erdos,1,6,2.6418,0,1,11.4036,1
429,erdos,2,2,0.3419,1,2,13.2869,1
430,clique,5,37,1.5721,0,5,77.4404,1
431,erdos,1,1,0.4045,1,1,13.2122,1
432,erdos,2,2,0.3233,1,2,19.9431,1
433,clique,5,36,5.1171,0,5,70.1061,1
434,clique,5,5,1.7846,1,5,86.107,1
435,erdos,1,4,0.9009,0,1,35.1096,1
436,clique,5,5,6.6215,1,5,72.9399,1
437,clique,5,36,1.7952,0,5,54.4564,1
438,clique,5,5,3.2699,1,5,55.8894,1
439,clique,5,5,6.5901,1,5,76.0469,1
440,clique,5,5,1.9377,1,5,108.102,1
441,clique,5,5,6.1786,1,5,55.7495,1
442,erdos,2,13,1.4237,0,2,31.0254,1
443,erdos,2,4,2.0879,0,2,16.1528,1
444,erdos,2,4,1.0133,0,2,10.3333,1
445,erdos,2,3,0.3039,0,2,17.5016,1
446,erdos,3,5,0.6216,0,3,32.4777,1
447,erdos,2,5,0.3703,0,2,14.8774,1
448,clique,5,37,2.352,0,5,88.9513,1
449,clique,5,37,1.7608,0,5,46.1735,1
450,erdos,4,6,1.2386,0,4,28.022,1
451,clique,5,36,7.1196,0,5,49.3073,1
452,clique,5,36,4.608,0,5,82.7149,1
453,erdos,3,7,1.4561,0,3,22.5081,1
454,erdos,2,3,0.3119,0,2,12.5748,1
455,clique,5,38,1.6982,0,5,92.2404,1
456,clique,5,5,3.0644,1,5,69.8822,1
457,erdos,2,3,0.2876,0,2,9.3984,1
458,erdos,4,5,1.6409,0,4,29.9861,1
459,clique,5,36,1.8395,0,5,39.7537,1
460,clique,5,5,7.5482,1,5,35.3021,1
461,clique,5,5,5.6649,1,5,59.9005,1
462,erdos,2,4,0.3416,0,2,16.4128,1
463,erdos,4,7,0.3433,0,4,15.0506,1
464,erdos,1,3,0.2485,0,1,16.2008,1
465,clique,5,70,5.6791,0,5,79.1534,1
466,erdos,3,6,1.2621,0,3,41.1888,1
467,erdos,1,3,1.2315,0,1,16.6843,1
468,clique,5,5,2.6963,1,5,52.5895,1
469,erdos,1,1,0.7659,1,1,21.6225,1
470,clique,5,5,1.661,1,5,49.7494,1
471,clique,5,5,1.6543,1,5,93.3478,1
472,erdos,2,2,0.6093,1,2,28.7148,1
473,clique,5,5,1.6026,1,5,63.5836,1
474,erdos,1,4,0.2923,0,1,17.9855,1
475,clique,5,5,4.6477,1,5,82.4899,1
476,clique,5,36,2.7224,0,5,56.7096,1
477,clique,5,5,5.3997,1,5,76.3943,1
478,erdos,1,4,0.3194,0,1,8.7858,1
479,clique,5,5,8.4775,1,5,110.661,1
480,clique,5,36,4.1042,0,5,79.1987,1
481,clique,5,5,1.5985,1,5,76.132,1
482,clique,5,5,1.8893,1,5,82.8584,1
483,erdos,2,4,0.4407,0,2,20.1448,1
484,erdos,1,1,0.3207,1,1,11.8336,1
485,clique,5,5,3.7843,1,5,61.8682,1
486,erdos,2,2,0.3064,1,2,11.4661,1
487,clique,5,37,6.3352,0,5,36.7213,1
488,clique,5,5,6.8796,1,5,55.7402,1
489,clique,5,5,4.8443,1,5,82.5711,1
490,erdos,2,2,1.4127,1,2,28.1316,1
491,erdos,2,4,2.0329,0,2,28.5214,1
492,erdos,3,5,0.3218,0,3,33.3205,1
493,clique,5,5,6.0942,1,5,53.2531,1
494,clique,5,5,2.4137,1,5,61.5342,1
495,clique,5,36,2.0474,0,5,78.9815,1
496,clique,5,36,1.7706,0,5,65.5999,1
497,erdos,3,3,0.3486,1,3,25.5977,1
498,clique,5,36,5.6037,0,5,65.045,1
499,erdos,1,3,0.3184,0,1,21.9108,1
500,clique,5,36,1.6947,0,5,77.59,1
501,erdos,2,6,0.3296,0,2,23.9829,1
502,clique,5,5,1.841,1,5,51.2205,1
503,erdos,0,0,0.3332,1,0,10.9041,1
504,clique,5,5,1.6488,1,5,59.8649,1
505,erdos,3,3,0.3235,1,3,29.243,1
506,erdos,3,7,1.2399,0,3,29.3327,1
507,clique,5,5,5.1374,1,5,66.115,1
508,erdos,2,3,3.1456,0,2,9.517,1
509,clique,5,5,2.4073,1,36,50.2567,0
510,erdos,2,4,0.3332,0,2,11.1973,1
511,clique,5,36,3.5395,0,5,44.2587,1
512,clique,5,36,4.9641,0,5,63.2465,1
513,erdos,2,6,0.3316,0,2,11.9334,1
514,erdos,3,8,0.6591,0,3,10.7852,1
515,erdos,2,2,0.3137,1,2,22.6414,1
516,erdos,2,6,0.8493,0,2,18.9366,1
517,clique,5,36,3.2623,0,5,42.2278,1
518,clique,5,37,4.6727,0,5,58.8842,1
519,clique,5,5,1.7171,1,5,66.2281,1
520,clique,5,5,7.1889,1,5,53.5431,1
521,clique,5,5,1.732,1,5,81.0915,1
522,clique,5,37,2.1209,0,5,66.9236,1
523,erdos,3,5,1.4849,0,3,23.6451,1
524,erdos,2,4,0.3276,0,2,21.0152,1
525,erdos,3,4,1.3459,0,3,29.2465,1
526,erdos,2,8,0.3209,0,2,11.8019,1
527,erdos,2,5,0.2596,0,2,12.0773,1
528,clique,5,5,5.7695,1,5,38.6883,1
529,clique,5,5,7.4967,1,5,51.5343,1
530,clique,5,5,3.0158,1,5,92.0306,1
531,erdos,2,6,0.308,0,2,12.8307,1
532,clique,5,5,1.6116,1,5,124.076,1
533,clique,5,5,16.9651,1,5,102.944,1
534,erdos,2,2,0.9968,1,2,32.8338,1
535,erdos,1,3,1.5497,0,1,26.5769,1
536,clique,5,5,5.1328,1,5,64.7725,1
537,erdos,1,1,0.4537,1,1,14.2711,1
538,erdos,1,1,0.3786,1,1,9.3743,1
539,clique,5,5,4.5205,1,5,46.9788,1
540,erdos,0,0,0.3105,1,0,20.4914,1
541,erdos,1,7,0.7266,0,1,23.2191,1
542,erdos,1,1,1.3553,1,1,15.5726,1
543,clique,5,37,5.1608,0,5,56.7962,1
544,clique,5,5,6.5124,1,5,69.8854,1
545,erdos,3,8,0.3627,0,3,10.9465,1
546,clique,5,5,1.5997,1,5,56.5039,1
547,clique,5,37,5.1549,0,5,53.493,1
548,erdos,2,6,0.5129,0,2,27.6406,1
549,erdos,2,7,0.3305,0,2,25.4322,1
550,clique,5,70,8.0823,0,5,51.6382,1
551,erdos,2,2,1.3785,1,2,28.6772,1
552,erdos,2,5,0.8964,0,2,24.6744,1
553,erdos,2,2,0.3538,1,2,15.6409,1
554,clique,5,5,1.8814,1,5,65.8348,1
555,clique,5,5,5.0292,1,5,44.5987,1
556,erdos,1,1,0.2969,1,1,9.0078,1
557,erdos,3,5,0.3301,0,3,9.2819,1
558,erdos,2,7,0.4416,0,2,13.1962,1
559,erdos,4,6,0.3558,0,4,18.6418,1
560,erdos,2,3,2.8228,0,2,44.5823,1
561,clique,5,5,4.2238,1,5,114.043,1
562,erdos,1,1,0.4796,1,1,28.0563,1
563,erdos,1,4,0.7807,0,1,28.4965,1
564,erdos,4,11,0.3469,0,4,31.1973,1
565,clique,5,41,5.027,0,5,99.3147,1
566,clique,5,5,1.7785,1,5,32.2659,1
567,clique,5,5,1.7549,1,5,53.4035,1
568,clique,5,5,1.9867,1,5,56.8279,1
569,erdos,2,2,0.8359,1,2,25.5281,1
570,erdos,3,6,1.2697,0,3,31.7597,1
571,erdos,4,8,0.3539,0,4,28.9251,1
572,clique,5,5,3.083,1,5,67.8005,1
573,erdos,3,6,0.3562,0,3,23.8609,1
574,clique,5,37,7.0475,0,5,82.7456,1
575,erdos,3,4,0.5426,0,3,11.5868,1
576,clique,5,5,1.9929,1,5,30.1923,1
577,clique,5,37,1.6957,0,5,29.3116,1
578,clique,5,5,1.4421,1,5,29.2395,1
579,erdos,2,5,0.2538,0,2,7.9825,1
580,erdos,2,2,0.2791,1,2,9.2038,1
581,clique,5,5,1.436,1,5,29.6841,1
582,clique,5,37,1.4822,0,5,29.8793,1
583,clique,5,5,1.6623,1,5,27.8605,1
584,clique,5,5,1.4593,1,5,28.1248,1
585,clique,5,5,2.1637,1,5,24.6164,1
586,clique,5,37,1.3405,0,5,25.6007,1
587,erdos,2,2,0.2635,1,2,7.1829,1
588,clique,5,5,1.3852,1,5,25.8105,1
589,erdos,2,8,0.3191,0,2,14.9996,1
590,erdos,2,3,0.2894,0,2,9.6104,1
591,clique,5,36,4.6596,0,5,33.472,1
592,clique,5,38,8.7112,0,5,33.1073,1
593,clique,5,5,1.802,1,5,30.1479,1
594,clique,5,36,1.6592,0,5,28.5508,1
595,clique,5,5,1.7316,1,5,40.4692,1
596,erdos,3,4,0.3133,0,3,8.8155,1
597,erdos,3,3,0.3228,1,3,16.7696,1
598,erdos,3,10,0.3564,0,3,12.9305,1
599,clique,5,70,2.33,0,5,34.5412,1
600,clique,5,5,1.7046,1,36,32.9909,0
601,erdos,2,7,0.3616,0,2,9.0879,1
602,erdos,2,2,0.3459,1,2,9.2472,1
603,erdos,1,1,0.312,1,1,8.4408,1
604,clique,5,37,1.7824,0,5,31.1613,1
605,clique,5,5,1.6853,1,5,29.3739,1
606,clique,5,36,1.6333,0,5,32.2628,1
607,erdos,2,2,0.3731,1,2,10.2995,1
608,clique,5,37,1.6858,0,5,30.0451,1
609,erdos,4,7,0.4299,0,4,11.3593,1
610,erdos,2,7,0.3095,0,2,9.2265,1
611,clique,5,36,2.3542,0,5,43.5143,1
612,clique,5,36,2.3839,0,5,31.1817,1
613,clique,5,5,3.7687,1,5,45.7018,1
614,erdos,2,5,0.3429,0,2,9.8542,1
615,erdos,2,3,0.3027,0,2,9.8176,1
616,erdos,2,9,0.3126,0,2,9.5534,1
617,clique,5,5,1.8382,1,5,31.2311,1
618,erdos,0,0,0.3716,1,0,16.6851,1
619,erdos,2,3,0.3958,0,2,11.8794,1
620,erdos,2,2,0.3865,1,2,11.274,1
621,erdos,3,3,0.4349,1,3,10.6663,1
622,clique,5,36,3.1235,0,5,33.847,1
623,erdos,2,2,0.3616,1,2,12.6681,1
624,erdos,3,6,0.3317,0,3,9.9951,1
625,clique,5,5,1.8099,1,5,37.4286,1
626,erdos,2,5,0.3648,0,2,11.9095,1
627,erdos,2,5,0.2969,0,2,15.7642,1
628,erdos,2,7,0.3472,0,2,10.0921,1
629,erdos,1,5,0.3331,0,1,9.7738,1
630,erdos,2,2,0.3254,1,2,11.6364,1
631,erdos,3,5,0.3204,0,3,13.9632,1
632,erdos,2,5,4.8272,0,2,20.5645,1
633,erdos,3,4,0.3259,0,3,25.9225,1
634,erdos,1,1,0.4574,1,1,11.6423,1
635,clique,5,5,2.5811,1,5,35.9988,1
636,clique,5,5,2.0831,1,5,34.334,1
637,clique,5,5,1.9458,1,5,36.6566,1
638,erdos,2,2,0.3276,1,2,11.6226,1
639,clique,5,5,2.5834,1,5,64.6611,1
640,erdos,2,2,0.5093,1,2,11.0984,1
641,clique,5,41,1.8466,0,5,35.4073,1
642,clique,5,5,2.3506,1,5,78.1618,1
643,erdos,1,1,1.3314,1,1,12.6079,1
644,erdos,1,1,0.4378,1,1,9.5032,1
645,erdos,1,1,0.343,1,1,9.3024,1
646,clique,5,37,2.044,0,5,30.178,1
647,clique,5,37,1.8309,0,5,30.6356,1
648,clique,5,5,1.6656,1,5,30.7348,1
649,clique,5,36,1.9651,0,5,28.6389,1
650,clique,5,5,1.6165,1,5,29.8377,1
651,erdos,1,6,0.2984,0,1,9.5212,1
652,clique,5,36,1.7676,0,5,31.2082,1
653,clique,5,5,1.8098,1,5,29.6675,1
654,erdos,2,2,0.3112,1,2,9.0537,1
655,clique,5,37,1.6691,0,5,29.9088,1
656,erdos,1,1,0.3277,1,1,8.0095,1
657,clique,5,5,1.7122,1,5,31.3866,1
658,clique,5,37,2.1403,0,5,31.1625,1
659,clique,5,5,1.6539,1,5,29.1347,1
660,erdos,3,4,0.6263,0,3,10.3773,1
661,erdos,3,5,0.3241,0,3,10.5109,1
662,clique,5,36,1.9453,0,5,31.903,1
663,erdos,1,1,0.2881,1,1,9.5294,1
664,clique,5,5,1.6685,1,5,30.8232,1
665,clique,5,5,2.1912,1,5,34.7875,1
666,clique,5,5,2.1933,1,5,38.2879,1
667,clique,5,37,1.8944,0,5,31.9411,1
668,erdos,2,2,0.3532,1,2,11.0526,1
669,erdos,2,3,0.2613,0,2,16.1805,1
670,clique,5,5,3.8123,1,5,102.493,1
671,erdos,1,6,0.4781,0,1,13.3731,1
672,erdos,3,3,0.3991,1,3,15.9622,1
673,clique,5,5,2.2067,1,5,99.7507,1
674,erdos,3,5,0.3216,0,3,11.0262,1
675,erdos,2,5,0.2939,0,2,9.0447,1
676,clique,5,5,1.6568,1,5,105.757,1
677,erdos,2,2,0.325,1,2,10.0952,1
678,clique,5,5,1.709,1,5,46.436,1
679,erdos,1,4,0.3294,0,1,13.7293,1
680,clique,5,5,4.2608,1,5,121.198,1
681,clique,5,38,2.6357,0,5,34.5152,1
682,erdos,1,4,0.3473,0,1,9.5811,1
683,erdos,3,5,0.3861,0,3,10.1231,1
684,erdos,2,4,0.3244,0,2,8.7809,1
685,clique,5,36,1.7812,0,5,28.5678,1
686,erdos,2,5,0.3145,0,2,9.4222,1
687,clique,5,5,1.6897,1,5,28.6186,1
688,clique,5,5,1.7541,1,5,28.0857,1
689,clique,5,37,1.786,0,5,27.206,1
690,clique,5,36,1.5613,0,5,26.5468,1
691,clique,5,5,1.5202,1,5,29.7582,1
692,erdos,3,3,0.3521,1,3,10.0902,1
693,erdos,2,6,0.2843,0,2,7.8826,1
694,clique,5,36,1.3929,0,5,28.0751,1
695,erdos,2,6,0.67,0,2,9.1669,1
696,erdos,2,6,0.3253,0,2,9.3408,1
697,erdos,2,3,0.3824,0,2,9.5297,1
698,erdos,2,5,0.3471,0,2,9.0438,1
699,erdos,3,5,0.3273,0,3,8.9716,1
700,erdos,3,4,0.3351,0,3,8.5611,1
701,clique,5,5,7.8972,1,5,32.9432,1
702,erdos,2,3,0.3028,0,2,7.7139,1
703,clique,5,5,1.6514,1,5,29.8298,1
704,clique,5,5,1.6408,1,5,26.4519,1
705,clique,5,36,1.4994,0,5,42.8091,1
706,erdos,1,6,0.2989,0,1,8.4242,1
707,erdos,2,5,0.3657,0,2,10.113,1
708,clique,5,37,1.7397,0,5,31.4672,1
709,clique,5,5,1.8734,1,5,28.0567,1
710,erdos,2,4,0.3116,0,2,8.3901,1
711,erdos,2,3,0.3082,0,2,9.103,1
712,clique,5,5,2.0065,1,5,37.6799,1
713,clique,5,5,2.0876,1,5,30.1634,1
714,clique,5,5,1.9724,1,5,30.6667,1
715,clique,5,5,2.152,1,5,28.1933,1
716,clique,5,37,1.7079,0,5,29.8807,1
717,clique,5,37,2.2657,0,5,31.0174,1
718,clique,5,36,1.8191,0,5,28.7206,1
719,clique,5,5,1.8832,1,5,31.8725,1
720,erdos,3,4,0.3248,0,3,9.0481,1
721,clique,5,36,2.0962,0,5,38.1061,1
722,clique,5,40,3.3729,0,5,31.6907,1
723,erdos,2,2,0.2502,1,2,9.7926,1
724,clique,5,36,2.332,0,5,26.3615,1
725,clique,5,5,1.3456,1,5,27.4922,1
726,erdos,1,1,0.3443,1,1,10.8228,1
727,clique,5,36,2.1857,0,5,71.9695,1
728,erdos,1,1,0.3195,1,1,10.6122,1
729,clique,5,36,1.9106,0,5,45.6002,1
730,clique,5,5,1.7537,1,5,35.9245,1
731,erdos,3,6,0.3336,0,3,9.2512,1
732,erdos,3,5,0.339,0,3,9.6059,1
733,clique,5,5,1.8225,1,5,30.9341,1
734,erdos,2,4,0.3064,0,2,9.9652,1
735,clique,5,5,1.7268,1,5,29.6387,1
736,erdos,0,0,0.3062,1,0,11.0016,1
737,erdos,2,3,0.3244,0,2,7.7776,1
738,clique,5,5,1.4775,1,5,28.1438,1
739,clique,5,5,2.2372,1,5,34.022,1
740,erdos,2,4,0.3964,0,2,8.9969,1
741,clique,5,5,2.3024,1,5,30.7602,1
742,erdos,2,2,0.3424,1,2,8.4075,1
743,erdos,1,3,0.3015,0,1,8.6351,1
744,erdos,3,8,0.2701,0,3,8.0168,1
745,clique,5,5,1.4411,1,5,26.6792,1
746,clique,5,5,1.9184,1,5,29.5596,1
747,clique,5,5,1.869,1,5,30.9848,1
748,clique,5,5,1.6333,1,5,37.706,1
749,clique,5,5,1.8008,1,5,51.7391,1
750,erdos,3,7,0.1464,0,3,5.325,1
751,erdos,3,3,0.1422,1,3,4.6775,1
752,erdos,3,5,0.1442,0,3,4.7001,1
753,clique,5,5,0.756,1,5,16.3983,1
754,clique,5,5,0.692,1,5,14.159,1
755,clique,5,36,1.7098,0,5,50.6146,1
756,clique,5,5,2.2374,1,5,76.7475,1
757,erdos,2,5,33.2716,0,2,27.0625,1
758,clique,5,5,2.2438,1,5,48.8561,1
759,erdos,2,6,0.3385,0,2,15.3425,1
760,erdos,2,5,0.2851,0,2,11.7305,1
761,clique,5,5,2.5604,1,5,37.2553,1
762,clique,5,5,2.3823,1,5,31.3433,1
763,erdos,2,4,0.225,0,2,10.1277,1
764,clique,5,37,2.4577,0,5,27.8904,1
765,clique,5,5,1.7535,1,5,29.8373,1
766,clique,5,5,1.7282,1,5,27.2511,1
767,clique,5,37,1.7194,0,5,30.2262,1
768,clique,5,71,1.7635,0,5,28.7514,1
769,erdos,3,5,0.3551,0,3,8.9522,1
770,clique,5,70,4.3637,0,5,28.1294,1
771,erdos,4,6,0.3538,0,4,9.1204,1
772,clique,5,5,1.8949,1,5,27.8726,1
773,clique,5,5,2.2302,1,5,27.248,1
774,clique,5,5,1.7991,1,5,26.0982,1
775,clique,5,5,1.6941,1,5,27.4055,1
776,erdos,3,5,0.3966,0,3,8.4293,1
777,erdos,1,3,0.3639,0,1,7.7886,1
778,erdos,2,2,0.3351,1,2,8.4293,1
779,erdos,3,5,0.3711,0,3,8.6363,1
780,clique,5,5,1.2494,1,5,27.2099,1
781,erdos,2,6,0.3257,0,2,7.959,1
782,erdos,2,3,0.3262,0,2,8.3535,1
783,clique,5,5,1.8436,1,5,27.5155,1
784,clique,5,5,1.674,1,5,27.8078,1
785,erdos,2,2,0.1852,1,2,7.7814,1
786,clique,5,36,1.6533,0,5,28.3275,1
787,clique,5,5,1.8318,1,5,26.3492,1
788,erdos,0,0,0.3256,1,0,8.4392,1
789,erdos,2,5,0.2403,0,2,8.521,1
790,erdos,3,4,0.3311,0,3,8.6271,1
791,erdos,3,3,0.2092,1,3,10.4527,1
792,clique,5,5,4.3983,1,5,27.0039,1
793,erdos,3,4,0.2838,0,3,9.0333,1
794,erdos,2,5,0.2482,0,2,8.6757,1
795,clique,5,37,1.6662,0,5,77.0667,1
796,clique,5,5,10.197,1,5,142.911,1
797,erdos,2,7,0.4033,0,2,15.5287,1
798,clique,5,5,4.3209,1,5,158.816,1
799,clique,5,5,2.117,1,5,114.393,1
800,clique,5,37,1.7048,0,5,71.8487,1
801,clique,5,38,2.7653,0,5,58.8907,1
802,erdos,3,5,0.595,0,3,109.339,1
803,erdos,1,4,0.3085,0,1,21.9628,1
804,clique,5,37,23.8241,0,5,46.5775,1
805,erdos,3,7,0.3191,0,3,12.1875,1
806,erdos,2,5,0.6226,0,2,13.0459,1
807,clique,5,5,2.2683,1,5,30.54,1
808,erdos,2,5,0.349,0,2,8.9284,1
809,clique,5,37,1.4415,0,5,28.3145,1
810,erdos,3,5,0.2779,0,3,8.7617,1
811,erdos,2,4,0.3124,0,2,9.0825,1
812,erdos,2,4,0.3092,0,2,9.3156,1
813,clique,5,5,1.4802,1,5,27.4103,1
814,clique,5,5,1.5817,1,5,27.4976,1
815,clique,5,5,1.5779,1,5,27.622,1
816,clique,5,5,1.6468,1,5,29.952,1
817,clique,5,5,1.841,1,5,29.258,1
818,erdos,2,8,0.3865,0,2,10.294,1
819,clique,5,5,1.6306,1,5,31.4915,1
820,clique,5,5,1.7375,1,5,32.7832,1
821,clique,5,37,1.6721,0,5,61.4233,1
822,erdos,1,6,1.0037,0,1,13.8309,1
823,clique,5,5,2.4591,1,5,42.6491,1
824,clique,5,37,1.8453,0,5,35.8076,1
825,clique,5,5,1.8628,1,5,27.4139,1
826,erdos,3,5,0.3487,0,3,8.4357,1
827,clique,5,37,1.6704,0,5,28.3748,1
828,clique,5,37,1.7462,0,5,27.481,1
829,clique,5,5,1.7899,1,5,28.5251,1
830,clique,5,5,1.7923,1,5,26.2644,1
831,erdos,1,3,0.2708,0,1,7.637,1
832,clique,5,37,1.7506,0,5,26.8527,1
833,clique,5,5,1.657,1,5,28.1955,1
834,erdos,2,7,0.2608,0,2,7.9021,1
835,clique,5,5,1.1381,1,5,28.3941,1
836,clique,5,36,1.8775,0,5,25.5342,1
837,clique,5,41,1.8283,0,5,26.8978,1
838,clique,5,37,1.9692,0,5,27.6049,1
839,erdos,2,2,0.2466,1,2,8.0801,1
840,clique,5,36,1.278,0,5,27.2995,1
841,clique,5,36,1.5347,0,5,27.381,1
842,erdos,2,2,0.2174,1,2,8.2731,1
843,clique,5,73,1.3675,0,5,51.1817,1
844,erdos,2,6,0.3056,0,2,28.8128,1
845,erdos,3,7,0.5725,0,3,15.1978,1
846,erdos,2,2,0.3464,1,2,18.0546,1
847,clique,5,5,3.6891,1,5,34.6454,1
848,erdos,2,6,0.2479,0,2,9.2598,1
849,erdos,3,5,0.3251,0,3,17.9187,1
850,clique,5,36,1.6269,0,5,50.0731,1
851,clique,5,5,1.8763,1,5,27.8781,1
852,clique,5,36,1.8756,0,5,34.7135,1
853,erdos,2,7,0.2207,0,2,9.5915,1
854,erdos,2,4,0.3055,0,2,8.2783,1
855,clique,5,5,1.9172,1,5,29.7498,1
856,clique,5,5,2.1828,1,5,30.6238,1
857,clique,5,36,1.2047,0,5,27.0211,1
858,erdos,2,2,0.3633,1,2,9.0358,1
859,erdos,2,3,0.3537,0,2,9.7375,1
860,erdos,2,3,0.346,0,2,8.2454,1
861,clique,5,5,1.7819,1,5,27.308,1
862,erdos,2,3,0.4279,0,2,8.9807,1
863,erdos,1,1,0.3236,1,1,7.5993,1
864,clique,5,37,1.766,0,5,29.993,1
865,clique,5,5,1.788,1,5,27.4593,1
866,erdos,2,3,0.3393,0,2,7.9314,1
867,erdos,2,6,0.3576,0,2,8.0886,1
868,erdos,1,1,0.3416,1,1,7.8106,1
869,erdos,2,2,0.3503,1,2,8.9222,1
870,clique,5,5,1.8043,1,5,33.3916,1
871,erdos,1,1,0.3474,1,1,8.3765,1
872,erdos,0,0,0.3399,1,0,10.0672,1
873,clique,5,37,1.7409,0,5,26.487,1
874,erdos,1,1,0.962,1,1,45.9793,1
875,clique,5,5,1.793,1,5,36.1269,1
876,clique,5,5,1.8438,1,5,33.9155,1
877,erdos,3,5,0.3199,0,3,10.367,1
878,clique,5,5,7.2701,1,5,28.9645,1
879,clique,5,37,1.6342,0,5,52.6749,1
880,erdos,2,3,0.3263,0,2,10.2651,1
881,clique,5,5,1.6939,1,5,34.6426,1
882,erdos,3,6,0.3294,0,3,29.6042,1
883,erdos,1,1,0.3385,1,1,13.2001,1
884,clique,5,37,1.6528,0,5,32.7077,1
885,erdos,1,1,7.1266,1,1,18.0206,1
886,erdos,2,3,0.3355,0,2,33.5309,1
887,erdos,0,0,0.3652,1,0,18.9272,1
888,clique,5,5,4.5829,1,5,86.2295,1
889,clique,5,5,22.3503,1,5,91.4005,1
890,clique,5,36,2.8909,0,5,63.347,1
891,clique,5,5,5.4996,1,5,76.1126,1
892,clique,5,36,4.6541,0,5,66.5568,1
893,erdos,2,5,0.2811,0,2,12.8235,1
894,erdos,2,4,0.4283,0,2,13.3745,1
895,erdos,3,5,0.4067,0,3,12.8781,1
896,erdos,2,2,0.2868,1,2,12.109,1
897,erdos,3,4,0.4665,0,3,14.8905,1
898,erdos,2,2,0.4719,1,2,9.3123,1
899,erdos,2,4,2.3645,0,2,9.1996,1
900,erdos,2,2,0.4475,1,2,12.7882,1
901,erdos,3,8,0.4749,0,3,14.2837,1
902,clique,5,73,2.2516,0,5,34.6865,1
903,clique,5,5,1.5932,1,5,39.6117,1
904,clique,5,36,2.2108,0,5,40.4598,1
905,erdos,2,2,0.2422,1,2,18.3298,1
906,erdos,1,1,0.3801,1,1,11.9912,1
907,erdos,1,4,0.3136,0,1,13.1479,1
908,clique,5,5,19.7389,1,5,147.269,1
909,clique,5,5,3.0791,1,5,100.831,1
910,clique,5,37,1.593,0,5,53.3981,1
911,erdos,1,2,0.2897,0,1,11.9572,1
912,clique,5,36,2.3314,0,5,41.9621,1
913,erdos,3,3,0.3207,1,3,12.1918,1
914,clique,5,37,1.9261,0,5,64.8449,1
915,clique,5,37,1.7227,0,5,38.8807,1
916,clique,5,36,2.754,0,5,67.6776,1
917,erdos,3,4,1.6506,0,3,28.1556,1
918,erdos,2,2,0.3203,1,2,10.0862,1
919,clique,5,36,1.8366,0,5,33.0535,1
920,clique,5,37,1.9936,0,5,40.81,1
921,clique,5,36,1.7704,0,5,37.5032,1
922,clique,5,5,1.6164,1,5,33.5228,1
923,clique,5,5,1.8761,1,5,38.5546,1
924,erdos,1,3,0.3146,0,1,9.0384,1
925,clique,5,41,2.5896,0,5,35.7531,1
926,clique,5,5,2.336,1,5,32.2012,1
927,erdos,3,6,0.3422,0,3,12.2621,1
928,erdos,1,2,0.3767,0,1,9.6269,1
929,clique,5,36,1.6111,0,5,35.42,1
930,clique,5,36,1.5473,0,5,31.1119,1
931,clique,5,5,1.6725,1,5,28.4536,1
932,erdos,2,13,0.2215,0,2,10.7866,1
933,clique,5,5,2.289,1,5,36.0294,1
934,erdos,2,4,0.3303,0,2,16.1213,1
935,erdos,3,4,0.3183,0,3,9.8088,1
936,clique,5,5,2.5921,1,5,38.7817,1
937,erdos,2,4,0.3229,0,2,12.6107,1
938,erdos,4,14,0.3722,0,4,9.8556,1
939,erdos,0,0,0.3158,1,0,8.0848,1
940,erdos,2,4,0.3305,0,2,7.7455,1
941,clique,5,37,1.8038,0,5,26.6746,1
942,clique,5,36,2.1437,0,5,24.9785,1
943,clique,5,36,1.2336,0,5,119.457,1
944,clique,5,5,2.3242,1,5,28.3811,1
945,erdos,1,1,0.2446,1,1,7.7259,1
946,clique,5,5,1.6761,1,5,28.9752,1
947,clique,5,5,1.7028,1,5,30.9014,1
948,clique,5,37,1.6889,0,5,29.3374,1
949,erdos,2,2,0.3243,1,2,8.0217,1
950,erdos,4,5,0.3236,0,4,8.4499,1
951,clique,5,37,1.8171,0,5,29.2623,1
952,erdos,2,4,0.3412,0,2,8.807,1
953,clique,5,5,1.8391,1,5,28.9058,1
954,clique,5,5,1.6854,1,5,29.5588,1
955,erdos,3,3,0.3163,1,3,8.1334,1
956,erdos,3,6,0.2481,0,3,7.858,1
957,erdos,2,2,0.3289,1,2,10.0713,1
958,clique,5,37,1.2114,0,5,32.6436,1
959,erdos,2,5,0.3266,0,2,8.7829,1
960,erdos,3,5,0.3572,0,3,8.261,1
961,clique,5,5,3.2993,1,5,84.0703,1
962,clique,5,5,1.6768,1,5,48.9866,1
963,erdos,3,3,0.2332,1,3,13.2419,1
964,erdos,2,4,0.2199,0,2,8.5898,1
965,clique,5,37,1.7878,0,5,29.2612,1
966,clique,5,5,1.8689,1,5,25.7319,1
967,clique,5,5,1.876,1,5,27.78,1
968,clique,5,38,1.361,0,5,27.8908,1
969,erdos,3,3,0.364,1,3,10.2437,1
970,clique,5,36,1.3257,0,5,24.6147,1
971,clique,5,37,2.1378,0,5,29.7423,1
972,erdos,2,7,0.3403,0,2,50.9731,1
973,erdos,2,3,5.5583,0,2,19.9749,1
974,clique,5,37,2.8623,0,5,39.7811,1
975,clique,5,38,1.7688,0,5,33.6864,1
976,clique,5,5,5.41,1,5,43.7511,1
977,clique,5,37,1.5462,0,5,28.6396,1
978,erdos,2,2,0.2815,1,2,8.5232,1
979,clique,5,5,1.9896,1,5,29.3713,1
980,erdos,1,1,0.3112,1,1,9.436,1
981,erdos,2,6,0.2852,0,2,8.9546,1
982,clique,5,37,2.2037,0,5,58.7816,1
983,erdos,2,9,0.3281,0,2,27.2353,1
984,clique,5,5,1.7598,1,5,28.4489,1
985,clique,5,37,1.7448,0,5,26.5313,1
986,clique,5,37,1.5991,0,5,27.4805,1
987,erdos,2,2,0.3539,1,2,8.4148,1
988,clique,5,5,1.6891,1,5,27.1945,1
989,clique,5,5,1.9498,1,5,27.6233,1
990,clique,5,36,1.6276,0,5,28.4111,1
991,clique,5,5,1.7381,1,5,28.9168,1
992,erdos,1,2,0.3423,0,1,8.5713,1
993,clique,5,36,1.6746,0,5,28.8945,1
994,clique,5,36,1.4894,0,5,30.5957,1
995,clique,5,36,1.5989,0,5,30.2324,1
996,erdos,3,4,0.4447,0,3,9.5949,1
997,erdos,2,2,0.3224,1,2,10.7544,1
998,clique,5,5,1.5802,1,5,26.7205,1
999,clique,5,5,1.6012,1,36,29.5888,0
1000,erdos,2,5,0.4219,0,2,9.0712,1
1001,erdos,2,3,0.3145,0,2,9.3941,1
1002,erdos,3,4,0.3155,0,3,13.0828,1
1003,clique,5,37,6.756,0,5,45.7481,1
1004,erdos,2,2,1.5572,1,2,23.2457,1
1005,clique,5,5,3.0982,1,5,83.385,1
1006,erdos,1,3,0.506,0,1,9.8484,1
1007,clique,5,5,1.7969,1,5,35.0664,1
1008,erdos,3,3,0.2996,1,3,14.4152,1
1009,clique,5,5,3.6322,1,5,48.8855,1
1010,erdos,3,7,0.3125,0,3,11.1457,1
1011,erdos,2,5,0.347,0,2,15.2596,1
1012,clique,5,5,1.9511,1,5,66.4196,1
1013,clique,5,5,1.5165,1,5,38.6078,1
1014,erdos,1,1,0.2652,1,1,7.8588,1
1015,clique,5,5,1.7634,1,5,31.7783,1
1016,clique,5,37,1.4223,0,5,31.1014,1
1017,clique,5,5,1.7157,1,5,30.9238,1
1018,clique,5,37,1.8612,0,5,63.6066,1
1019,erdos,2,5,0.3448,0,2,9.2583,1
1020,erdos,2,8,0.3147,0,2,8.0107,1
1021,erdos,0,0,0.3132,1,0,8.3109,1
1022,erdos,3,4,0.2648,0,3,8.1779,1
1023,erdos,0,0,0.2656,1,0,6.8937,1
1024,clique,5,36,1.2812,0,5,30.2731,1
1025,erdos,2,4,0.4463,0,2,21.2325,1
1026,clique,5,5,4.9317,1,5,44.2438,1
1027,erdos,2,5,0.5275,0,2,9.4959,1
1028,erdos,2,4,0.3429,0,2,22.567,1
1029,clique,5,5,2.1632,1,5,37.8658,1
1030,clique,5,5,2.1078,1,5,97.7265,1
1031,erdos,2,8,0.4326,0,2,44.3677,1
1032,erdos,2,17,0.5593,0,2,13.7191,1
1033,erdos,3,3,0.4233,1,3,11.8363,1
1034,clique,5,36,2.1388,0,5,34.8719,1
1035,erdos,3,9,0.3886,0,3,11.3935,1
1036,clique,5,37,1.8997,0,5,32.4032,1
1037,clique,5,5,2.2887,1,5,28.2244,1
1038,erdos,2,5,0.3198,0,2,9.4494,1
1039,erdos,1,6,0.3871,0,1,11.3682,1
1040,erdos,3,3,0.3403,1,3,35.1619,1
1041,clique,5,37,2.8373,0,5,46.0913,1
1042,clique,5,36,1.8411,0,5,48.3704,1
1043,erdos,2,10,0.4861,0,2,14.9554,1
1044,erdos,2,4,0.3349,0,2,14.0422,1
1045,clique,5,5,3.0937,1,5,49.0625,1
1046,erdos,0,0,0.533,1,0,10.8093,1
1047,clique,5,37,1.9699,0,5,34.554,1
1048,clique,5,36,2.166,0,5,32.0285,1
1049,clique,5,5,1.9005,1,5,34.5159,1
1050,erdos,1,3,0.3388,0,1,11.2452,1
1051,erdos,2,4,0.4777,0,2,10.3877,1
1052,erdos,2,7,0.3538,0,2,9.4604,1
1053,clique,5,5,1.7745,1,5,48.2031,1
1054,erdos,2,4,0.4601,0,2,17.6034,1
1055,clique,5,5,5.0495,1,5,43.6085,1
1056,clique,5,5,2.4495,1,5,47.6073,1
1057,clique,5,36,2.9974,0,5,33.4958,1
1058,clique,5,37,2.1477,0,5,39.4777,1
1059,erdos,3,11,0.5306,0,3,10.0388,1
1060,clique,5,5,2.0014,1,5,36.2453,1
1061,clique,5,36,2.1014,0,5,31.4142,1
1062,erdos,3,8,0.4636,0,3,10.1094,1
1063,clique,5,5,1.8671,1,5,39.9308,1
1064,clique,5,37,1.8482,0,5,33.7809,1
1065,erdos,2,12,0.3686,0,2,12.076,1
1066,clique,5,5,1.8849,1,5,34.4212,1
1067,erdos,2,2,0.3527,1,2,11.083,1
1068,clique,5,37,2.0925,0,5,35.0879,1
1069,erdos,3,5,0.4251,0,3,9.9073,1
1070,erdos,3,6,0.3773,0,3,10.3146,1
1071,clique,5,36,1.8027,0,5,34.3506,1
1072,erdos,1,1,0.3573,1,1,8.938,1
1073,clique,5,37,1.8047,0,5,37.8532,1
1074,clique,5,5,2.2745,1,5,31.8,1
1075,clique,5,36,1.6847,0,5,32.6622,1
1076,clique,5,5,1.7861,1,5,30.7882,1
1077,erdos,3,4,0.3165,0,3,21.9195,1
1078,clique,5,5,1.7196,1,5,27.8017,1
1079,clique,5,5,1.69,1,5,28.2366,1
1080,clique,5,5,2.0066,1,5,31.0164,1
1081,clique,5,37,1.9372,0,5,32.3685,1
1082,erdos,1,3,0.5092,0,1,10.102,1
1083,erdos,3,3,0.3346,1,3,9.4411,1
1084,clique,5,5,1.8957,1,5,31.0421,1
1085,clique,5,38,1.622,0,5,30.5846,1
1086,erdos,2,2,0.3251,1,2,9.0389,1
1087,clique,5,5,1.5493,1,5,27.5681,1
1088,clique,5,37,1.61,0,5,33.4742,1
1089,erdos,1,5,0.3064,0,1,8.8284,1
1090,erdos,3,3,0.4092,1,3,9.2532,1
1091,clique,5,36,1.819,0,5,44.5315,1
1092,clique,5,36,1.5585,0,5,30.5973,1
1093,erdos,3,5,0.3331,0,3,9.3781,1
1094,clique,5,73,1.7164,0,5,32.1131,1
1095,erdos,2,2,0.2961,1,2,8.5611,1
1096,erdos,4,6,0.6317,0,4,9.5496,1
1097,clique,5,5,2.485,1,5,31.3536,1
1098,erdos,2,4,0.3327,0,2,10.0529,1
1099,erdos,2,3,0.3953,0,2,10.6045,1
1100,clique,5,5,1.7322,1,5,28.3461,1
1101,erdos,3,4,0.3308,0,3,9.355,1
1102,clique,5,37,1.6251,0,5,38.536,1
1103,clique,5,36,1.604,0,5,40.3761,1
1104,erdos,0,0,0.3285,1,0,9.5809,1
1105,clique,5,5,2.1899,1,5,30.1504,1
1106,erdos,1,3,0.3239,0,1,9.2884,1
1107,clique,5,36,1.7558,0,5,31.8783,1
1108,clique,5,37,2.3499,0,5,35.161,1
1109,erdos,1,1,0.3377,1,1,10.1513,1
1110,clique,5,5,1.8806,1,5,43.7424,1
1111,erdos,2,3,0.3492,0,2,11.9849,1
1112,erdos,2,4,0.3781,0,2,11.6113,1
1113,erdos,2,6,0.4358,0,2,10.3446,1
1114,erdos,2,5,0.3809,0,2,10.5952,1
1115,erdos,2,2,0.366,1,2,10.2086,1
1116,clique,5,5,2.3136,1,5,33.2885,1
1117,clique,5,36,1.8893,0,5,32.1187,1
1118,clique,5,5,1.7554,1,5,35.078,1
1119,clique,5,5,1.9265,1,5,32.9865,1
1120,clique,5,36,2.0589,0,5,39.8556,1
1121,erdos,3,4,0.4327,0,3,10.3069,1
1122,clique,5,5,1.7164,1,5,31.2985,1
1123,erdos,2,6,0.3843,0,2,10.6019,1
1124,erdos,0,0,0.3513,1,0,9.5565,1
1125,erdos,1,4,0.3452,0,1,9.9723,1
1126,erdos,3,5,0.3451,0,3,9.8569,1
1127,clique,5,36,2.4456,0,5,35.6458,1
1128,erdos,1,2,0.3022,0,1,9.5428,1
1129,erdos,2,2,0.3699,1,2,12.3413,1
1130,erdos,2,5,0.4649,0,2,11.1817,1
1131,clique,5,5,2.0691,1,5,38.4914,1
1132,clique,5,37,1.8495,0,5,33.9776,1
1133,clique,5,5,1.8118,1,5,35.3178,1
1134,erdos,1,3,0.3357,0,1,9.9553,1
1135,clique,5,37,2.4816,0,5,32.7649,1
1136,clique,5,5,1.7618,1,5,34.1053,1
1137,clique,5,5,2.6448,1,5,37.5311,1
1138,erdos,2,10,0.3258,0,2,10.79,1
1139,erdos,3,12,0.3543,0,3,12.3234,1
1140,erdos,3,3,0.5006,1,3,15.6248,1
1141,clique,5,5,1.9332,1,5,37.6626,1
1142,clique,5,37,1.9408,0,5,32.7227,1
1143,erdos,3,4,0.3672,0,3,11.6891,1
1144,erdos,3,4,0.356,0,3,10.2495,1
1145,erdos,1,3,0.4393,0,1,10.4796,1
1146,clique,5,5,2.6281,1,5,37.9316,1
1147,clique,5,5,2.4226,1,5,31.9509,1
1148,erdos,2,5,0.4263,0,2,12.5089,1
1149,clique,5,5,2.044,1,5,35.4128,1
1150,erdos,2,2,0.392,1,2,10.8441,1
1151,erdos,1,5,0.4282,0,1,10.83,1
1152,clique,5,5,2.0694,1,5,35.7288,1
1153,erdos,2,4,0.5165,0,2,13.0214,1
1154,clique,5,5,2.1632,1,5,36.321,1
1155,clique,5,37,2.0037,0,5,35.7412,1
1156,clique,5,37,1.7289,0,5,32.981,1
1157,clique,5,37,1.9918,0,5,31.12,1
1158,clique,5,73,1.9264,0,5,34.7132,1
1159,erdos,4,5,0.3671,0,4,11.4132,1
1160,erdos,2,6,0.3238,0,2,10.5282,1
1161,clique,5,5,2.2274,1,5,32.5308,1
1162,erdos,2,3,0.3351,0,2,9.8056,1
1163,clique,5,5,1.6639,1,5,31.8889,1
1164,clique,5,36,1.6034,0,5,37.2082,1
1165,clique,5,5,1.7105,1,5,31.8208,1
1166,erdos,2,5,0.3448,0,2,8.5317,1
1167,clique,5,36,2.2111,0,5,27.7802,1
1168,erdos,1,4,0.3241,0,1,8.2014,1
1169,erdos,2,4,0.3114,0,2,8.8412,1
1170,erdos,1,8,0.3402,0,1,8.7247,1
1171,erdos,4,4,0.7522,1,4,9.4868,1
1172,clique,5,37,1.7746,0,5,28.7045,1
1173,clique,5,37,1.7742,0,5,35.0269,1
1174,clique,5,5,1.9644,1,5,30.7376,1
1175,clique,5,5,1.8789,1,5,30.0114,1
1176,erdos,3,6,0.829,0,3,24.2041,1
1177,clique,5,5,1.4915,1,5,27.5972,1
1178,erdos,1,5,0.6904,0,1,8.3118,1
1179,clique,5,36,1.7017,0,5,33.4172,1
1180,clique,5,37,1.7173,0,5,31.346,1
1181,erdos,1,1,0.3938,1,1,9.3997,1
1182,erdos,1,1,0.3132,1,1,9.9321,1
1183,clique,5,37,1.5841,0,5,31.8567,1
1184,clique,5,5,1.6851,1,5,41.2934,1
1185,erdos,2,3,2.8958,0,2,17.7567,1
1186,erdos,2,5,0.3126,0,2,10.6809,1
1187,clique,5,37,1.4144,0,5,28.8458,1
1188,erdos,2,3,0.3213,0,2,8.453,1
1189,clique,5,5,1.7211,1,5,34.8906,1
1190,erdos,1,2,0.2636,0,1,8.2924,1
1191,erdos,3,3,0.2765,1,3,9.4942,1
1192,erdos,1,6,0.3809,0,1,11.624,1
1193,erdos,2,2,0.5031,1,2,9.7689,1
1194,erdos,2,3,0.2971,0,2,8.2582,1
1195,erdos,3,5,0.3264,0,3,9.6563,1
1196,erdos,2,6,0.273,0,2,8.1455,1
1197,erdos,3,5,0.3081,0,3,8.7926,1
1198,erdos,2,5,0.3208,0,2,9.5673,1
1199,erdos,1,1,0.2773,1,1,8.7346,1
1200,clique,5,5,1.6469,1,5,30.1431,1
1201,erdos,1,1,0.3227,1,1,8.9219,1
1202,clique,5,5,4.1209,1,5,31.3334,1
1203,erdos,4,8,0.7104,0,4,10.221,1
1204,clique,5,5,1.7411,1,5,31.3302,1
1205,erdos,3,5,0.3541,0,3,8.7927,1
1206,erdos,3,5,0.3347,0,3,9.4286,1
1207,erdos,3,5,0.3161,0,3,8.096,1
1208,clique,5,36,1.7997,0,5,27.5154,1
1209,clique,5,5,1.4166,1,5,39.4791,1
1210,clique,5,36,2.6416,0,5,60.4986,1
1211,erdos,1,1,0.2964,1,1,10.6266,1
1212,erdos,1,6,0.3499,0,1,9.5596,1
1213,clique,5,37,3.804,0,5,29.794,1
1214,erdos,2,2,0.3129,1,2,8.4775,1
1215,erdos,2,5,0.2414,0,2,9.3897,1
1216,erdos,3,3,0.264,1,3,10.352,1
1217,erdos,2,3,0.304,0,2,9.1612,1
1218,clique,5,70,1.4046,0,5,66.1913,1
1219,erdos,2,4,4.7313,0,2,8.5999,1
1220,clique,5,37,1.7398,0,5,83.2739,1
1221,clique,5,36,2.1094,0,5,31.4635,1
1222,erdos,1,1,0.4092,1,1,9.5034,1
1223,clique,5,5,1.4161,1,5,31.3315,1
1224,clique,5,36,1.5734,0,5,27.9846,1
1225,erdos,2,2,0.2597,1,2,8.8334,1
1226,erdos,1,1,0.291,1,1,36.3989,1
1227,clique,5,5,1.6612,1,5,38.0963,1
1228,clique,5,36,2.221,0,5,31.0499,1
1229,clique,5,5,1.7455,1,5,33.7624,1
1230,clique,5,5,1.8019,1,5,27.9579,1
1231,clique,5,37,1.6215,0,5,24.9945,1
1232,clique,5,37,1.5886,0,5,29.4086,1
1233,erdos,1,4,0.2797,0,1,8.0607,1
1234,clique,5,37,1.6096,0,5,37.0123,1
1235,clique,5,5,2.773,1,5,32.8586,1
1236,erdos,3,10,0.3185,0,3,9.7711,1
1237,clique,5,37,1.6587,0,5,47.5049,1
1238,erdos,3,5,0.3182,0,3,12.5986,1
1239,erdos,1,1,0.4083,1,1,24.5292,1
1240,erdos,1,1,0.3745,1,1,12.8493,1
1241,clique,5,5,2.5183,1,5,34.4376,1
1242,erdos,3,3,0.3451,1,3,10.8875,1
1243,clique,5,5,1.7945,1,5,35.4258,1
1244,clique,5,36,1.5714,0,5,56.0188,1
1245,clique,5,5,1.6203,1,5,29.4571,1
1246,erdos,1,4,0.3931,0,1,8.7545,1
1247,clique,5,5,1.7795,1,5,29.4409,1
1248,clique,5,37,1.6658,0,5,35.4388,1
1249,clique,5,5,4.2529,1,5,53.0251,1
1250,clique,5,5,1.62,1,5,31.6997,1
1251,erdos,3,5,0.454,0,3,12.0196,1
1252,clique,5,5,1.9686,1,5,35.038,1
1253,erdos,1,1,0.3463,1,1,8.9221,1
1254,clique,5,5,1.7084,1,5,30.2161,1
1255,clique,5,37,1.5963,0,5,34.2567,1
1256,erdos,3,4,0.3318,0,3,8.7413,1
1257,clique,5,5,1.8689,1,5,28.1148,1
1258,clique,5,5,1.6546,1,5,41.5504,1
1259,erdos,1,1,0.3032,1,1,10.8777,1
1260,erdos,1,3,0.3111,0,1,12.5909,1
1261,erdos,2,2,0.6512,1,2,13.4909,1
1262,clique,5,5,1.7927,1,5,34.1216,1
1263,erdos,1,4,0.3557,0,1,11.533,1
1264,erdos,3,9,0.4011,0,3,16.2935,1
1265,clique,5,5,1.9629,1,5,34.9385,1
1266,clique,5,36,1.813,0,5,35.667,1
1267,erdos,2,2,0.3038,1,2,10.9765,1
1268,clique,5,36,1.7798,0,5,31.5412,1
1269,clique,5,37,4.122,0,5,34.1024,1
1270,clique,5,37,1.7212,0,5,30.6888,1
1271,clique,5,36,1.5219,0,5,28.8428,1
1272,clique,5,37,1.4808,0,5,26.5768,1
1273,clique,5,36,1.7915,0,5,27.4452,1
1274,clique,5,5,1.3975,1,5,27.0766,1
1275,erdos,1,1,0.3978,1,1,9.0468,1
1276,clique,5,5,1.5026,1,5,26.9434,1
1277,clique,5,5,1.9339,1,5,30.0723,1
1278,erdos,1,2,0.2744,0,1,7.2992,1
1279,erdos,2,10,0.4476,0,2,8.6568,1
1280,clique,5,37,1.2867,0,5,27.2988,1
1281,erdos,3,6,0.3659,0,3,9.6013,1
1282,erdos,2,6,0.3825,0,2,9.2805,1
1283,clique,5,5,1.1659,1,5,39.7601,1
1284,clique,5,5,1.8347,1,5,30.4732,1
1285,clique,5,5,1.7751,1,5,28.6987,1
1286,erdos,2,2,0.2429,1,2,8.4996,1
1287,erdos,1,6,0.6261,0,1,7.7283,1
1288,erdos,4,10,0.4956,0,4,9.3524,1
1289,clique,5,5,1.5689,1,5,29.0407,1
1290,clique,5,5,1.682,1,5,30.1817,1
1291,erdos,1,5,0.3278,0,1,8.2751,1
1292,clique,5,70,1.8245,0,5,29.4956,1
1293,erdos,2,6,0.3539,0,2,8.6227,1
1294,erdos,3,6,0.2974,0,3,8.8342,1
1295,clique,5,5,1.6271,1,36,28.1686,0
1296,clique,5,5,1.8456,1,5,27.9773,1
1297,clique,5,5,1.8907,1,5,30.8998,1
1298,clique,5,5,1.857,1,5,28.4727,1
1299,erdos,3,4,0.3411,0,3,9.1398,1
1300,erdos,1,2,0.341,0,1,8.3746,1
1301,clique,5,36,2.109,0,5,28.8457,1
1302,clique,5,40,1.9734,0,5,31.94,1
1303,erdos,2,5,0.3329,0,2,11.9848,1
1304,erdos,2,5,0.4757,0,2,10.1752,1
1305,clique,5,5,1.9665,1,5,29.059,1
1306,clique,5,5,1.8075,1,5,27.7905,1
1307,erdos,1,4,0.3533,0,1,8.0277,1
1308,clique,5,5,1.7426,1,5,28.8137,1
1309,clique,5,36,1.7577,0,5,36.7613,1
1310,clique,5,5,1.4711,1,5,32.0704,1
1311,erdos,3,4,0.2383,0,3,11.6445,1
1312,erdos,1,3,0.2674,0,1,12.1579,1
1313,clique,5,36,2.1251,0,5,34.3437,1
1314,erdos,2,9,0.3061,0,2,11.1893,1
1315,clique,5,5,2.2526,1,5,35.4643,1
1316,erdos,3,5,0.36,0,3,11.928,1
1317,clique,5,5,1.5573,1,5,27.9953,1
1318,erdos,3,3,0.3433,1,3,9.2533,1
1319,erdos,1,1,0.3728,1,1,8.2244,1
1320,erdos,3,8,0.492,0,3,9.2357,1
1321,clique,5,37,1.8236,0,5,26.9525,1
1322,clique,5,5,1.9878,1,5,29.0871,1
1323,clique,5,5,1.8339,1,5,32.4381,1
1324,erdos,3,7,0.4537,0,3,10.0206,1
1325,erdos,0,0,0.3478,1,0,8.1727,1
1326,erdos,1,6,0.4306,0,1,8.4487,1
1327,erdos,1,3,0.3569,0,1,8.2912,1
1328,erdos,3,5,0.3678,0,3,8.4125,1
1329,erdos,2,4,0.3294,0,2,8.5088,1
1330,erdos,2,2,0.3244,1,2,8.1619,1
1331,clique,5,5,1.301,1,5,27.3124,1
1332,clique,5,37,2.0597,0,5,27.1171,1
1333,clique,5,5,1.7513,1,5,28.6762,1
1334,clique,5,37,1.7453,0,5,29.9571,1
1335,erdos,2,3,0.3304,0,2,8.5603,1
1336,clique,5,36,1.6254,0,5,31.9532,1
1337,erdos,1,1,0.3549,1,1,8.1067,1
1338,clique,5,5,1.8497,1,5,27.6811,1
1339,erdos,1,1,0.3897,1,1,8.9107,1
1340,clique,5,37,1.8914,0,5,28.1455,1
1341,erdos,1,7,0.4835,0,1,7.7838,1
1342,erdos,3,6,0.3566,0,3,8.9567,1
1343,erdos,4,6,0.3886,0,4,16.7147,1
1344,erdos,2,2,0.2378,1,2,11.5964,1
1345,erdos,3,6,0.3499,0,3,8.2185,1
1346,erdos,2,2,0.2321,1,2,8.6294,1
1347,erdos,3,5,0.2327,0,3,7.1085,1
1348,clique,5,36,1.652,0,5,27.5831,1
1349,clique,5,37,4.829,0,5,28.3065,1
1350,erdos,2,4,1.9666,0,2,8.2233,1
1351,clique,5,5,1.2121,1,5,28.2946,1
1352,erdos,3,6,0.2467,0,3,10.9837,1
1353,clique,5,5,1.101,1,5,25.1697,1
1354,erdos,2,3,0.2033,0,2,13.1297,1
1355,clique,5,5,1.3603,1,5,29.6278,1
1356,clique,5,5,1.2392,1,5,32.616,1
1357,clique,5,36,1.7765,0,5,32.5664,1
1358,erdos,1,3,0.4063,0,1,9.3896,1
1359,clique,5,36,2.3391,0,5,32.5038,1
1360,clique,5,36,2.0067,0,5,34.1283,1
1361,erdos,3,6,0.4738,0,3,10.5437,1
1362,clique,5,36,1.8021,0,5,29.2726,1
1363,clique,5,36,1.2236,0,5,30.4169,1
1364,erdos,2,7,0.3129,0,2,10.0563,1
1365,clique,5,5,1.6324,1,5,33.6087,1
1366,clique,5,36,1.7246,0,5,38.2223,1
1367,erdos,3,3,0.3375,1,3,9.5228,1
1368,erdos,3,6,0.4752,0,3,11.5829,1
1369,clique,5,37,2.0555,0,5,35.7559,1
1370,clique,5,5,2.8902,1,5,91.617,1
1371,clique,5,37,2.1843,0,5,49.9255,1
1372,erdos,3,3,0.3162,1,3,22.6208,1
1373,erdos,1,11,0.3104,0,1,10.6607,1
1374,erdos,2,9,0.3449,0,2,11.0899,1
1375,erdos,3,3,0.3647,1,3,13.5495,1
1376,erdos,2,6,0.3315,0,2,10.3417,1
1377,erdos,1,1,0.3051,1,1,9.0595,1
1378,erdos,2,4,0.3481,0,2,10.0588,1
1379,clique,5,36,1.7185,0,5,30.3982,1
1380,erdos,3,3,0.4079,1,3,10.3525,1
1381,erdos,2,3,0.3006,0,2,9.2003,1
1382,erdos,3,8,0.3701,0,3,10.1427,1
1383,erdos,3,4,0.4199,0,3,12.3458,1
1384,clique,5,37,1.7267,0,5,30.223,1
1385,erdos,3,3,0.3187,1,3,8.6192,1
1386,erdos,3,6,0.3636,0,3,9.2128,1
1387,erdos,2,2,0.3067,1,2,8.8918,1
1388,erdos,1,4,0.314,0,1,9.3618,1
1389,clique,5,5,1.713,1,5,28.4711,1
1390,erdos,2,9,0.4185,0,2,9.0077,1
1391,clique,5,36,1.7283,0,5,28.5609,1
1392,erdos,2,7,0.3075,0,2,8.919,1
1393,erdos,2,2,0.3377,1,2,8.9812,1
1394,erdos,2,2,0.332,1,2,11.0532,1
1395,clique,5,36,1.7536,0,5,30.3888,1
1396,erdos,2,2,0.3201,1,2,9.2308,1
1397,erdos,3,10,0.3131,0,3,8.9734,1
1398,erdos,3,3,0.3461,1,3,8.8038,1
1399,erdos,2,6,0.3123,0,2,10.5325,1
1400,clique,5,5,1.8215,1,5,29.7865,1
1401,clique,5,5,1.9557,1,5,44.9476,1
1402,clique,5,5,1.4965,1,5,31.3857,1
1403,erdos,3,3,0.3465,1,3,9.206,1
1404,clique,5,37,4.637,0,5,31.8434,1
1405,clique,5,37,1.7103,0,5,34.2261,1
1406,erdos,2,3,0.3669,0,2,11.2257,1
1407,clique,5,5,1.8383,1,5,31.6168,1
1408,erdos,3,8,0.3714,0,3,11.4617,1
1409,clique,5,37,1.7211,0,5,33.0707,1
1410,clique,5,5,1.8406,1,5,33.6533,1
1411,erdos,2,7,0.3403,0,2,11.6475,1
1412,erdos,4,4,0.4066,1,4,13.6597,1
1413,erdos,3,5,0.3491,0,3,17.4103,1
1414,erdos,0,0,0.275,1,0,12.784,1
1415,clique,5,37,2.3125,0,5,75.9156,1
1416,erdos,2,5,0.4495,0,2,8.8403,1
1417,clique,5,36,2.353,0,5,26.0827,1
1418,clique,5,36,1.779,0,5,26.9824,1
1419,clique,5,36,1.9011,0,5,30.7885,1
1420,erdos,2,2,0.306,1,2,9.1272,1
1421,clique,5,37,1.4614,0,5,25.1375,1
1422,clique,5,5,1.6655,1,5,26.5797,1
1423,erdos,1,3,0.5133,0,1,7.9406,1
1424,erdos,3,3,0.3201,1,3,8.738,1
1425,clique,5,36,1.4994,0,5,28.279,1
1426,erdos,1,1,0.2755,1,1,7.9981,1
1427,clique,5,36,1.5378,0,5,27.1308,1
1428,clique,5,5,1.6391,1,5,28.1813,1
1429,clique,5,5,3.0971,1,5,28.3929,1
1430,clique,5,37,1.3882,0,5,30.55,1
1431,clique,5,37,1.8325,0,5,29.123,1
1432,erdos,0,0,0.3109,1,0,10.3574,1
1433,clique,5,5,1.8031,1,5,34.0254,1
1434,erdos,2,8,0.3782,0,2,11.1894,1
1435,clique,5,36,1.8688,0,5,39.4214,1
1436,clique,5,5,2.4297,1,5,43.9922,1
1437,erdos,1,4,0.4508,0,1,11.0455,1
1438,clique,5,36,1.9494,0,5,35.7526,1
1439,clique,5,5,1.8396,1,5,44.7853,1
1440,erdos,3,4,0.4556,0,3,11.7492,1
1441,clique,5,36,2.2891,0,5,36.9547,1
1442,clique,5,5,2.1159,1,5,32.9008,1
1443,erdos,1,1,0.3539,1,1,9.5929,1
1444,clique,5,37,2.1377,0,5,33.2954,1
1445,erdos,1,1,0.3349,1,1,9.471,1
1446,erdos,1,1,0.3526,1,1,9.1198,1
1447,erdos,2,4,0.3492,0,2,10.9678,1
1448,clique,5,5,2.0813,1,5,31.2471,1
1449,clique,5,37,1.6302,0,5,36.0942,1
1450,clique,5,5,1.8726,1,5,33.5204,1
1451,erdos,2,4,0.5096,0,2,10.3441,1
1452,erdos,2,6,0.4185,0,2,10.6293,1
1453,clique,5,36,2.0145,0,5,31.0588,1
1454,erdos,1,2,0.3715,0,1,11.7837,1
1455,clique,5,37,1.9265,0,5,36.9927,1
1456,erdos,2,3,0.5622,0,2,10.3722,1
1457,clique,5,36,1.8756,0,5,38.4338,1
1458,erdos,3,3,0.472,1,3,11.1887,1
1459,erdos,2,5,0.3613,0,2,9.8764,1
1460,erdos,3,4,0.4227,0,3,11.1349,1
1461,clique,5,5,2.1259,1,5,35.869,1
1462,clique,5,5,2.1728,1,5,33.5294,1
1463,erdos,3,3,0.4262,1,3,10.4787,1
1464,erdos,2,4,0.3715,0,2,12.5037,1
1465,erdos,2,6,0.3543,0,2,10.3918,1
1466,clique,5,105,1.7877,0,5,29.9394,1
1467,clique,5,5,2.001,1,5,31.5666,1
1468,erdos,1,4,0.311,0,1,8.8708,1
1469,erdos,3,5,0.5734,0,3,11.5716,1
1470,clique,5,5,1.6122,1,5,29.4346,1
1471,erdos,2,3,0.3076,0,2,9.3437,1
1472,erdos,1,1,0.3132,1,1,10.8431,1
1473,clique,5,5,2.5094,1,5,31.0276,1
1474,erdos,2,3,0.3072,0,2,8.8557,1
1475,erdos,3,4,0.3528,0,3,8.9718,1
1476,clique,5,36,1.6832,0,5,27.9813,1
1477,erdos,2,6,0.3076,0,2,9.9839,1
1478,erdos,3,4,0.3109,0,3,9.6054,1
1479,erdos,1,5,0.3108,0,1,8.6357,1
1480,erdos,1,4,0.3085,0,1,10.3216,1
1481,clique,5,37,1.6179,0,5,32.2528,1
1482,clique,5,36,1.6621,0,5,30.1306,1
1483,clique,5,37,1.4924,0,5,35.2278,1
1484,clique,5,5,1.8452,1,5,29.7762,1
1485,erdos,1,1,0.3427,1,1,9.5693,1
1486,clique,5,5,1.7065,1,5,31.5217,1
1487,clique,5,37,4.314,0,5,76.46,1
1488,clique,5,5,1.454,1,5,30.9431,1
1489,clique,5,36,1.5067,0,5,32.0491,1
1490,clique,5,5,1.633,1,5,50.1797,1
1491,clique,5,5,3.0219,1,5,32.0486,1
1492,erdos,1,2,0.3594,0,1,8.849,1
1493,erdos,1,1,0.3708,1,1,9.7021,1
1494,clique,5,38,1.8336,0,5,28.7397,1
1495,erdos,3,6,0.2948,0,3,8.567,1
1496,erdos,1,6,0.2841,0,1,8.6425,1
1497,erdos,2,3,0.4349,0,2,9.2113,1
1498,clique,5,5,1.6752,1,5,31.0503,1
1499,erdos,3,6,0.4915,0,3,8.6915,1
1500,clique,5,37,1.6327,0,5,27.4395,1
1501,erdos,2,2,0.3315,1,2,9.9835,1
1502,erdos,3,4,0.3236,0,3,11.9431,1
1503,erdos,0,0,0.3819,1,0,21.0187,1
1504,erdos,2,7,6.1864,0,2,23.6981,1
1505,clique,5,37,2.0448,0,5,43.2565,1
1506,erdos,2,4,0.5705,0,2,21.2929,1
1507,erdos,1,4,0.6154,0,1,16.8557,1
1508,erdos,2,4,0.4589,0,2,15.7656,1
1509,erdos,2,3,0.4445,0,2,18.5813,1
1510,clique,5,5,2.5011,1,5,58.5923,1
1511,erdos,2,5,0.4408,0,2,18.1993,1
1512,erdos,2,2,0.7854,1,2,12.239,1
1513,erdos,2,2,0.4551,1,2,15.8904,1
1514,clique,5,37,3.0112,0,5,43.1646,1
1515,erdos,3,6,0.4548,0,3,15.6158,1
1516,erdos,3,4,0.4558,0,3,13.1654,1
1517,erdos,2,6,0.4447,0,2,14.8453,1
1518,erdos,2,2,0.5261,1,2,14.4245,1
1519,erdos,2,4,0.4634,0,2,12.4952,1
1520,erdos,1,1,0.4282,1,1,12.6542,1
1521,clique,5,36,3.6554,0,5,53.5273,1
1522,erdos,3,3,0.4098,1,3,11.7965,1
1523,clique,5,36,2.0763,0,5,38.0879,1
1524,clique,5,5,2.4784,1,5,54.2693,1
1525,clique,5,36,2.6938,0,5,45.6731,1
1526,erdos,2,4,0.4423,0,2,12.6601,1
1527,erdos,2,5,0.3683,0,2,11.0095,1
1528,clique,5,5,2.3159,1,5,39.8766,1
1529,clique,5,36,1.9258,0,5,34.8351,1
1530,erdos,1,4,0.3998,0,1,10.6557,1
1531,clique,5,5,1.794,1,5,33.0176,1
1532,clique,5,5,1.9367,1,5,35.9185,1
1533,clique,5,72,6.3656,0,5,55.5853,1
1534,clique,5,36,1.756,0,5,32.021,1
1535,clique,5,5,1.8475,1,5,33.1351,1
1536,erdos,3,7,0.9339,0,3,10.4217,1
1537,clique,5,37,1.7072,0,5,35.9894,1
1538,erdos,2,3,0.3092,0,2,8.5171,1
1539,clique,5,5,2.0832,1,5,28.9026,1
1540,clique,5,36,2.2412,0,5,27.6515,1
1541,clique,5,5,1.7723,1,5,28.6537,1
1542,clique,5,5,1.8436,1,5,28.8385,1
1543,clique,5,5,2.4094,1,5,34.3319,1
1544,erdos,3,6,0.3087,0,3,9.2139,1
1545,erdos,2,4,0.2831,0,2,7.9053,1
1546,clique,5,5,1.6519,1,5,28.6966,1
1547,clique,5,37,1.7184,0,5,25.96,1
1548,clique,5,5,1.4792,1,5,27.7994,1
1549,erdos,3,5,0.296,0,3,9.3093,1
1550,clique,5,38,1.5794,0,5,26.3905,1
1551,clique,5,37,1.5902,0,5,26.7828,1
1552,erdos,2,2,1.0888,1,2,9.3822,1
1553,erdos,2,2,0.2786,1,2,8.9645,1
1554,erdos,1,4,0.3596,0,1,8.5328,1
1555,erdos,3,4,0.3003,0,3,8.7573,1
1556,erdos,3,6,0.3121,0,3,16.0063,1
1557,erdos,2,2,0.7178,1,2,10.0065,1
1558,erdos,2,4,0.2972,0,2,8.8704,1
1559,erdos,1,1,0.2721,1,1,8.0198,1
1560,clique,5,5,2.0747,1,5,33.2744,1
1561,clique,5,5,1.5309,1,5,66.4699,1
1562,clique,5,36,2.2724,0,5,31.7599,1
1563,clique,5,5,1.5221,1,5,25.8365,1
1564,erdos,2,3,0.2911,0,2,8.6243,1
1565,clique,5,5,1.6294,1,5,26.1818,1
1566,clique,5,5,1.4201,1,5,28.5607,1
1567,clique,5,5,3.3852,1,5,25.6179,1
1568,erdos,2,3,0.2487,0,2,7.4193,1
1569,erdos,2,2,0.4585,1,2,8.0026,1
1570,erdos,2,8,0.2729,0,2,7.9887,1
1571,erdos,2,4,0.2754,0,2,7.7111,1
1572,erdos,2,2,0.2669,1,2,10.2617,1
1573,clique,5,40,1.3524,0,5,25.9644,1
1574,erdos,1,5,0.2709,0,1,8.2554,1
1575,erdos,1,3,0.5423,0,1,7.7362,1
1576,clique,5,36,1.4213,0,5,26.7043,1
1577,clique,5,37,1.376,0,5,26.6427,1
1578,clique,5,5,1.576,1,5,26.9221,1
1579,clique,5,36,1.6775,0,5,26.6942,1
1580,erdos,3,7,0.352,0,3,8.2976,1
1581,erdos,1,3,0.2702,0,1,8.0438,1
1582,clique,5,72,1.4802,0,5,26.6803,1
1583,clique,5,36,1.5275,0,5,30.2559,1
1584,erdos,2,5,0.2695,0,2,8.835,1
1585,erdos,2,2,0.3171,1,2,14.527,1
1586,erdos,2,2,0.3027,1,2,8.627,1
1587,clique,5,5,1.5812,1,5,27.4828,1
1588,erdos,2,6,0.2905,0,2,8.9422,1
1589,erdos,3,5,0.3102,0,3,8.8358,1
1590,erdos,3,3,0.3128,1,3,8.4297,1
1591,clique,5,5,1.3986,1,5,28.23,1
1592,erdos,2,2,0.3132,1,2,9.5163,1
1593,erdos,2,3,0.4573,0,2,9.9536,1
1594,erdos,3,4,0.3391,0,3,9.3709,1
1595,erdos,1,3,0.2978,0,1,8.9006,1
1596,clique,5,5,1.8252,1,5,28.2205,1
1597,clique,5,5,1.6783,1,5,30.2034,1
1598,erdos,3,12,0.3002,0,3,9.1489,1
1599,erdos,1,1,0.3124,1,1,8.9777,1
1600,erdos,3,5,0.3269,0,3,8.8452,1
1601,erdos,3,3,0.3428,1,3,10.6704,1
1602,clique,5,5,1.8393,1,5,27.5085,1
1603,clique,5,5,1.7437,1,5,28.403,1
1604,clique,5,5,1.5243,1,5,27.6828,1
1605,erdos,2,3,0.3239,0,2,8.1521,1
1606,clique,5,37,1.64,0,5,26.7913,1
1607,clique,5,36,1.8457,0,5,26.4173,1
1608,clique,5,5,1.5643,1,5,30.0286,1
1609,clique,5,5,1.9262,1,5,40.927,1
1610,clique,5,37,1.8937,0,5,27.2172,1
1611,erdos,2,5,0.3016,0,2,8.9868,1
1612,erdos,2,6,0.2535,0,2,7.7138,1
1613,erdos,2,6,0.3147,0,2,9.2785,1
1614,clique,5,5,1.398,1,5,25.3907,1
1615,clique,5,36,1.6677,0,5,26.9489,1
1616,clique,5,5,1.4558,1,5,27.0544,1
1617,clique,5,5,2.1211,1,5,32.6704,1
1618,clique,5,36,1.7174,0,5,40.8046,1
1619,clique,5,36,4.1605,0,5,30.7636,1
1620,clique,5,5,1.8781,1,5,36.9409,1
1621,erdos,0,0,0.6219,1,0,9.2503,1
1622,erdos,2,4,0.278,0,2,12.6335,1
1623,erdos,2,5,0.2665,0,2,12.0695,1
1624,clique,5,5,2.9269,1,5,34.6337,1
1625,clique,5,5,4.6683,1,5,38.2592,1
1626,erdos,2,6,0.3013,0,2,9.0934,1
1627,erdos,1,1,0.2886,1,1,9.1935,1
1628,clique,5,5,1.4617,1,5,29.9738,1
1629,erdos,1,4,0.3408,0,1,12.9948,1
1630,clique,5,37,1.9879,0,5,34.7112,1
1631,clique,5,5,1.7151,1,5,34.5575,1
1632,clique,5,5,2.6748,1,5,27.2126,1
1633,erdos,1,3,0.5692,0,1,8.8547,1
1634,clique,5,5,1.8156,1,5,30.9807,1
1635,clique,5,5,1.4281,1,5,31.4856,1
1636,clique,5,36,1.4705,0,5,31.587,1
1637,erdos,2,4,0.2684,0,2,9.8565,1
1638,clique,5,36,1.7181,0,5,30.641,1
1639,erdos,1,1,0.2707,1,1,10.6939,1
1640,clique,5,36,1.9553,0,5,29.6126,1
1641,clique,5,5,2.1984,1,5,38.9714,1
1642,clique,5,37,1.8417,0,5,30.287,1
1643,clique,5,5,1.4652,1,5,29.1925,1
1644,clique,5,5,1.6254,1,5,33.3168,1
1645,clique,5,37,1.6708,0,5,35.2505,1
1646,erdos,0,0,0.3587,1,0,9.7897,1
1647,erdos,1,1,0.288,1,1,10.3281,1
1648,erdos,2,2,0.2866,1,2,11.2361,1
1649,erdos,2,4,0.3242,0,2,10.9352,1
1650,clique,5,70,1.7166,0,5,31.1377,1
1651,clique,5,38,1.4577,0,5,33.0856,1
1652,clique,5,5,2.0695,1,5,42.0131,1
1653,erdos,2,4,0.2909,0,2,47.19,1
1654,erdos,1,2,0.328,0,1,135.034,1
1655,clique,5,5,25.1775,1,5,182.544,1
1656,clique,5,39,3.3362,0,5,36.6105,1
1657,clique,5,37,2.0845,0,5,33.1366,1
1658,erdos,0,0,0.6364,1,0,8.0953,1
1659,erdos,2,7,0.2955,0,2,8.9995,1
1660,erdos,1,3,0.2764,0,1,7.7066,1
1661,clique,5,37,3.1946,0,5,28.7461,1
1662,clique,5,5,1.6102,1,5,35.7508,1
1663,erdos,3,6,0.2836,0,3,9.3458,1
1664,erdos,2,2,0.2995,1,2,9.1238,1
1665,erdos,2,2,0.2276,1,2,9.4185,1
1666,clique,5,5,1.5202,1,5,30.1562,1
1667,clique,5,37,1.8111,0,5,67.3416,1
1668,clique,5,5,1.6796,1,5,29.3068,1
1669,erdos,2,2,0.4391,1,2,9.6152,1
1670,clique,5,5,3.6077,1,5,36.2374,1
1671,clique,5,37,1.4965,0,5,30.0873,1
1672,erdos,1,3,0.2885,0,1,9.7195,1
1673,erdos,2,4,0.3509,0,2,9.6662,1
1674,erdos,3,6,0.2623,0,3,10.9574,1
1675,erdos,2,2,0.3052,1,2,9.4925,1
1676,erdos,1,4,0.2336,0,1,9.2162,1
1677,erdos,2,2,0.3273,1,2,9.0384,1
1678,clique,5,5,1.4058,1,5,28.7955,1
1679,clique,5,5,1.4135,1,5,28.8873,1
1680,erdos,1,4,0.3274,0,1,10.644,1
1681,erdos,1,1,0.2277,1,1,7.6535,1
1682,clique,5,36,1.5235,0,5,35.8298,1
1683,erdos,3,3,0.2519,1,3,8.6251,1
1684,erdos,0,0,0.2551,1,0,9.2644,1
1685,erdos,3,5,0.42,0,3,9.2651,1
1686,clique,5,5,1.4605,1,5,27.8081,1
1687,erdos,2,2,0.3288,1,2,9.1714,1
1688,clique,5,36,1.7786,0,5,27.6842,1
1689,erdos,2,2,0.2663,1,2,8.9914,1
1690,clique,5,37,2.4819,0,5,35.6799,1
1691,clique,5,36,1.5124,0,5,31.8277,1
1692,erdos,3,4,0.8185,0,3,13.2886,1
1693,erdos,2,2,0.2927,1,2,9.3606,1
1694,clique,5,5,1.5832,1,5,32.3894,1
1695,erdos,1,6,0.3471,0,1,12.2587,1
1696,erdos,2,2,0.4144,1,2,9.0491,1
1697,clique,5,36,1.5807,0,5,36.0748,1
1698,clique,5,5,2.6307,1,5,31.2384,1
1699,clique,5,36,1.3999,0,5,31.5533,1
1700,clique,5,5,3.1236,1,5,39.8354,1
1701,erdos,2,3,0.4879,0,2,9.8963,1
1702,erdos,3,4,0.4183,0,3,9.8709,1
1703,clique,5,37,1.6208,0,5,32.4123,1
1704,erdos,2,5,0.2711,0,2,9.5494,1
1705,clique,5,5,3.0149,1,5,35.3663,1
1706,clique,5,36,1.8017,0,5,29.5868,1
1707,clique,5,37,1.6462,0,5,32.1003,1
1708,erdos,3,4,0.4381,0,3,13.018,1
1709,clique,5,5,1.5415,1,5,29.999,1
1710,clique,5,5,1.4589,1,5,31.4848,1
1711,clique,5,36,1.3413,0,5,29.7138,1
1712,erdos,2,2,0.2674,1,2,9.5489,1
1713,erdos,1,11,0.2912,0,1,11.7417,1
1714,erdos,3,8,0.2738,0,3,8.4813,1
1715,clique,5,5,2.0745,1,5,40.6568,1
1716,erdos,2,6,0.2626,0,2,12.1555,1
1717,clique,5,36,1.8284,0,5,30.298,1
1718,clique,5,5,3.2345,1,5,34.5788,1
1719,erdos,2,3,0.4549,0,2,10.5693,1
1720,erdos,3,4,0.2783,0,3,12.3278,1
1721,erdos,2,6,0.2982,0,2,8.1193,1
1722,erdos,2,2,0.2793,1,2,9.6205,1
1723,clique,5,36,1.3476,0,5,29.6882,1
1724,erdos,3,5,0.3692,0,3,11.0517,1
1725,erdos,2,3,0.3302,0,2,10.5343,1
1726,clique,5,36,1.7894,0,5,44.4475,1
1727,clique,5,37,1.5561,0,5,30.3356,1
1728,clique,5,5,1.6047,1,5,29.5886,1
1729,clique,5,37,1.6611,0,5,31.5197,1
1730,clique,5,37,3.4617,0,5,47.7339,1
1731,clique,5,5,3.1748,1,36,29.7691,0
1732,erdos,4,4,0.3301,1,4,10.494,1
1733,erdos,2,6,0.3405,0,2,9.9792,1
1734,clique,5,36,1.3486,0,5,32.1543,1
1735,erdos,2,4,0.4583,0,2,11.8126,1
1736,erdos,2,5,0.2606,0,2,9.1551,1
1737,erdos,1,3,0.3109,0,1,9.2751,1
1738,clique,5,5,1.4944,1,5,41.2001,1
1739,erdos,3,3,1.3017,1,3,15.7232,1
1740,clique,5,5,1.4346,1,5,29.9338,1
1741,erdos,2,4,0.3836,0,2,11.7278,1
1742,erdos,2,4,0.2704,0,2,7.9697,1
1743,clique,5,38,3.5205,0,5,31.2772,1
1744,clique,5,37,1.4828,0,5,27.6783,1
1745,clique,5,5,2.1645,1,5,28.9973,1
1746,erdos,2,2,0.3048,1,2,7.8978,1
1747,clique,5,36,1.7611,0,5,27.1445,1
1748,erdos,2,3,0.4164,0,2,8.7388,1
1749,clique,5,36,1.4641,0,5,35.2483,1
1750,erdos,1,10,1.287,0,1,28.5529,1
1751,clique,5,36,4.5757,0,5,79.7893,1
1752,erdos,3,4,1.1584,0,3,25.7475,1
1753,erdos,2,6,0.3937,0,2,32.1284,1
1754,clique,5,38,6.1971,0,5,91.5144,1
1755,clique,5,5,6.2286,1,5,92.7529,1
1756,erdos,2,5,0.5141,0,2,25.3829,1
1757,clique,5,36,2.3586,0,5,31.1798,1
1758,erdos,3,3,0.3035,1,3,8.9647,1
1759,erdos,2,3,0.3291,0,2,14.9136,1
1760,clique,5,37,4.7667,0,5,32.4559,1
1761,clique,5,37,2.0714,0,5,36.8943,1
1762,clique,5,5,1.6845,1,5,33.8764,1
1763,clique,5,5,1.629,1,5,42.1883,1
1764,clique,5,37,1.9657,0,36,42.0956,0
1765,clique,5,36,1.6003,0,5,36.3695,1
1766,clique,5,5,2.5558,1,5,34.9728,1
1767,erdos,3,3,0.3483,1,3,9.7727,1
1768,erdos,1,5,0.2922,0,1,8.3276,1
1769,clique,5,5,1.7061,1,5,30.9099,1
1770,erdos,1,4,0.3167,0,1,9.4173,1
1771,erdos,1,1,0.2523,1,1,9.8896,1
1772,erdos,1,1,0.301,1,1,9.664,1
1773,erdos,2,2,0.2844,1,2,10.5388,1
1774,clique,5,37,2.472,0,5,33.0092,1
1775,erdos,2,5,0.3226,0,2,10.8716,1
1776,clique,5,36,2.2513,0,5,34.7857,1
1777,clique,5,5,1.7567,1,5,31.3404,1
1778,erdos,2,5,0.28,0,2,10.4671,1
1779,erdos,2,6,0.8684,0,2,11.2035,1
1780,clique,5,5,1.9081,1,5,33.5729,1
1781,clique,5,37,1.4702,0,5,43.3154,1
1782,erdos,2,3,1.5518,0,2,13.122,1
1783,clique,5,36,5.0416,0,5,277.157,1
1784,erdos,2,3,0.4398,0,2,18.5275,1
1785,clique,5,36,1.6418,0,5,152.051,1
1786,clique,5,5,2.2078,1,5,37.1547,1
1787,erdos,3,5,0.3772,0,3,10.8896,1
1788,erdos,2,10,0.2827,0,2,11.0429,1
1789,erdos,3,7,0.3014,0,3,12.0058,1
1790,erdos,1,2,0.2231,0,1,9.9237,1
1791,erdos,3,11,0.5496,0,3,10.3098,1
1792,clique,5,36,2.2788,0,5,42.6447,1
1793,erdos,1,1,0.3246,1,1,22.1787,1
1794,erdos,3,4,0.2547,0,3,22.3274,1
1795,erdos,2,10,0.3095,0,2,20.1105,1
1796,erdos,1,3,0.3593,0,1,8.207,1
1797,clique,5,36,1.9169,0,5,32.4387,1
1798,clique,5,5,2.4966,1,5,34.5615,1
1799,clique,5,5,1.9269,1,5,38.5522,1
1800,clique,5,36,2.1541,0,5,34.8843,1
1801,clique,5,5,1.5987,1,5,34.6708,1
1802,clique,5,37,1.9885,0,5,83.2444,1
1803,clique,5,37,10.7267,0,5,110.667,1
1804,erdos,2,2,0.3452,1,2,13.4687,1
1805,clique,5,37,1.7584,0,5,33.2649,1
1806,clique,5,5,1.8787,1,5,28.6285,1
1807,erdos,2,2,0.2557,1,2,10.2395,1
1808,erdos,0,0,0.2311,1,0,8.3262,1
1809,erdos,1,1,0.3443,1,1,9.1887,1
1810,clique,5,5,1.5826,1,5,31.3503,1
1811,clique,5,5,2.3554,1,5,30.1609,1
1812,erdos,1,1,0.3071,1,1,9.4386,1
1813,erdos,3,7,0.3062,0,3,10.485,1
1814,erdos,2,4,0.2541,0,2,9.3593,1
1815,erdos,1,1,0.3108,1,3,9.1432,0
1816,clique,5,5,1.7947,1,5,32.5348,1
1817,erdos,1,1,0.5813,1,1,8.4253,1
1818,erdos,2,2,0.3097,1,2,8.4845,1
1819,clique,5,5,1.7889,1,5,33.3381,1
1820,clique,5,5,1.6067,1,5,31.0764,1
1821,erdos,3,7,0.2771,0,3,8.2355,1
1822,clique,5,37,2.8004,0,5,26.746,1
1823,erdos,1,1,0.2778,1,1,10.8339,1
1824,erdos,3,6,0.3062,0,3,12.2203,1
1825,clique,5,5,3.4049,1,5,31.1757,1
1826,erdos,3,5,0.3591,0,3,9.3811,1
1827,erdos,1,1,0.3357,1,1,8.2873,1
1828,clique,5,36,1.6722,0,5,36.1843,1
1829,clique,5,37,1.6482,0,5,39.6548,1
1830,clique,5,5,1.8103,1,5,35.5577,1
1831,erdos,3,5,0.3911,0,3,13.0411,1
1832,erdos,2,4,0.3203,0,2,11.6658,1
1833,erdos,2,6,0.7608,0,3,32.7535,0
1834,clique,5,5,6.3974,1,5,123.703,1
1835,erdos,2,2,0.3591,1,2,17.9361,1
1836,clique,5,36,1.8523,0,5,65.1325,1
1837,erdos,2,4,0.3311,0,2,32.8898,1
1838,clique,5,36,5.1384,0,5,89.758,1
1839,clique,5,5,4.2762,1,5,89.9253,1
1840,erdos,3,8,0.3539,0,3,29.8499,1
1841,erdos,2,6,0.588,0,2,31.9249,1
1842,clique,5,5,5.2478,1,5,100.254,1
1843,erdos,2,3,0.3331,0,2,32.2863,1
1844,erdos,2,6,2.9425,0,2,33.4201,1
1845,clique,5,37,6.9599,0,5,101.039,1
1846,clique,5,5,6.3764,1,5,84.9885,1
1847,clique,5,5,10.8639,1,5,39.6091,1
1848,erdos,2,3,0.3103,0,2,32.1139,1
1849,clique,5,5,2.8669,1,5,36.0073,1
1850,clique,5,36,2.2026,0,5,50.1743,1
1851,clique,5,37,2.3505,0,5,39.4183,1
1852,erdos,2,4,0.3003,0,2,25.9967,1
1853,clique,5,5,1.7664,1,5,61.261,1
1854,clique,5,36,1.7183,0,5,42.827,1
1855,erdos,2,2,0.354,1,2,12.3951,1
1856,clique,5,36,1.6192,0,5,56.3534,1
1857,erdos,1,1,0.2993,1,1,12.7542,1
1858,clique,5,5,3.2499,1,5,42.913,1
1859,clique,5,5,2.0865,1,5,51.7837,1
1860,erdos,4,5,0.3293,0,4,29.0045,1
1861,erdos,2,2,0.275,1,2,11.4389,1
1862,erdos,2,2,0.3449,1,2,16.76,1
1863,erdos,3,4,0.2629,0,3,37.7898,1
1864,erdos,1,1,0.3025,1,1,20.5148,1
1865,clique,5,36,2.7892,0,5,38.3395,1
1866,erdos,3,4,0.3248,0,3,9.8061,1
1867,erdos,1,1,0.315,1,1,10.4315,1
1868,erdos,2,2,0.3412,1,2,14.2401,1
1869,erdos,3,5,0.3147,0,3,9.2627,1
1870,erdos,3,5,0.2324,0,3,11.3055,1
1871,erdos,2,6,0.299,0,2,10.8249,1
1872,erdos,0,0,0.3071,1,0,19.3988,1
1873,erdos,2,7,0.3881,0,2,25.9931,1
1874,clique,5,5,1.5816,1,5,29.7297,1
1875,clique,5,5,4.2803,1,5,56.1383,1
1876,erdos,2,3,1.6896,0,2,37.8375,1
1877,erdos,2,4,0.7307,0,2,44.1089,1
1878,clique,5,36,6.116,0,5,91.6309,1
1879,clique,5,5,7.013,1,5,82.5467,1
1880,erdos,3,6,1.7443,0,3,28.4165,1
1881,clique,5,5,3.7934,1,5,141.852,1
1882,erdos,3,4,0.3525,0,3,34.7734,1
1883,clique,5,5,5.1345,1,5,75.9637,1
1884,erdos,2,2,1.4855,1,2,43.9731,1
1885,erdos,3,3,0.3305,1,3,43.6717,1
1886,erdos,4,7,0.367,0,4,47.6232,1
1887,erdos,2,2,0.3157,1,2,27.7152,1
1888,clique,5,5,2.3991,1,5,43.7217,1
1889,erdos,2,4,0.6423,0,2,11.2591,1
1890,clique,5,5,1.5657,1,5,48.034,1
1891,erdos,1,1,0.3993,1,1,9.9251,1
1892,clique,5,5,5.2173,1,5,230.232,1
1893,erdos,0,0,0.3158,1,0,8.9422,1
1894,clique,5,37,1.7124,0,5,31.1907,1
1895,clique,5,5,1.8837,1,5,30.4891,1
1896,erdos,4,5,0.3287,0,4,9.638,1
1897,clique,5,37,1.5191,0,5,32.8382,1
1898,erdos,0,0,0.2644,1,0,9.5106,1
1899,clique,5,5,1.4338,1,5,29.2486,1
1900,erdos,3,4,0.2987,0,3,9.3859,1
1901,erdos,1,1,0.2408,1,1,8.8269,1
1902,erdos,1,1,0.2813,1,1,9.8482,1
1903,erdos,3,3,0.3331,1,3,7.9376,1
1904,erdos,3,4,0.3329,0,3,9.0672,1
1905,clique,5,5,1.4055,1,5,30.1538,1
1906,clique,5,5,1.5638,1,5,29.2445,1
1907,erdos,3,5,0.348,0,3,10.1025,1
1908,clique,5,37,1.6394,0,5,30.2493,1
1909,clique,5,73,1.7874,0,5,30.0328,1
1910,clique,5,37,1.7728,0,5,29.8168,1
1911,erdos,3,5,0.4266,0,3,8.8252,1
1912,erdos,1,1,0.2396,1,1,12.1628,1
1913,clique,5,5,2.1965,1,5,66.7849,1
1914,erdos,1,1,1.8541,1,1,68.2911,1
1915,clique,5,37,5.3215,0,5,105.669,1
1916,clique,5,5,4.3194,1,5,101.369,1
1917,clique,5,5,7.1589,1,5,87.1196,1
1918,erdos,2,2,1.3404,1,2,23.9852,1
1919,clique,5,5,1.9327,1,5,61.1596,1
1920,erdos,3,3,0.339,1,3,13.8997,1
1921,clique,5,37,1.5703,0,5,35.092,1
1922,erdos,2,4,0.2987,0,2,13.3392,1
1923,clique,5,5,1.7336,1,5,31.5086,1
1924,clique,5,36,1.9027,0,5,107.778,1
1925,erdos,2,3,0.2932,0,2,59.8376,1
1926,erdos,2,7,0.3303,0,2,56.3401,1
1927,clique,5,5,5.5304,1,5,170.733,1
1928,erdos,1,4,0.3214,0,1,13.2349,1
1929,clique,5,37,1.9391,0,5,42.5202,1
1930,clique,5,5,1.7119,1,5,39.1862,1
1931,erdos,3,5,0.3149,0,3,12.087,1
1932,clique,5,5,1.5742,1,5,42.884,1
1933,erdos,4,14,0.3414,0,4,15.004,1
1934,erdos,1,1,0.2946,1,1,15.2522,1
1935,clique,5,5,1.6533,1,5,38.8848,1
1936,clique,5,5,1.6056,1,5,39.1285,1
1937,clique,5,36,1.5875,0,5,33.185,1
1938,clique,5,36,1.5518,0,5,31.433,1
1939,erdos,3,14,0.4443,0,3,12.343,1
1940,erdos,2,2,0.3204,1,2,12.1138,1
1941,erdos,2,4,0.2811,0,2,10.922,1
1942,clique,5,5,2.5668,1,5,30.0528,1
1943,erdos,1,6,0.351,0,1,9.5564,1
1944,clique,5,36,1.5144,0,5,39.3099,1
1945,erdos,1,2,0.2874,0,1,8.2794,1
1946,clique,5,5,1.729,1,5,30.1415,1
1947,erdos,2,4,0.4934,0,2,9.7103,1
1948,erdos,1,1,0.3081,1,1,8.9475,1
1949,clique,5,37,1.7036,0,5,29.2849,1
1950,erdos,1,1,0.3057,1,1,8.9946,1
1951,erdos,1,4,0.2957,0,1,9.4465,1
1952,clique,5,37,1.6806,0,5,30.0325,1
1953,erdos,2,2,0.3291,1,2,9.2115,1
1954,clique,5,36,1.7645,0,5,31.249,1
1955,clique,5,37,1.7989,0,5,38.3967,1
1956,clique,5,5,1.7428,1,5,31.2936,1
1957,erdos,3,4,0.3191,0,3,9.526,1
1958,erdos,3,5,0.3239,0,3,9.956,1
1959,clique,5,37,1.7957,0,5,31.4956,1
1960,clique,5,5,2.0797,1,5,29.0053,1
1961,clique,5,5,1.2713,1,5,25.269,1
1962,erdos,1,1,0.3041,1,1,9.9233,1
1963,erdos,3,3,0.3721,1,3,9.0959,1
1964,clique,5,37,2.2254,0,5,29.0014,1
1965,clique,5,36,1.674,0,5,30.4587,1
1966,clique,5,5,1.4241,1,5,33.0415,1
1967,clique,5,36,1.606,0,5,30.6615,1
1968,clique,5,36,1.5456,0,5,30.5709,1
1969,erdos,4,5,0.3248,0,4,9.7608,1
1970,erdos,1,2,0.4244,0,1,11.88,1
1971,clique,5,5,1.5857,1,5,32.898,1
1972,erdos,1,5,0.3188,0,1,10.7029,1
1973,erdos,2,4,0.4962,0,2,13.6694,1
1974,erdos,2,4,0.2918,0,2,9.5049,1
1975,clique,5,36,1.7173,0,5,38.1591,1
1976,erdos,2,13,0.3803,0,2,11.5772,1
1977,erdos,1,1,0.3197,1,1,9.6735,1
1978,erdos,2,4,0.334,0,2,11.1881,1
1979,erdos,2,4,0.3218,0,2,8.8953,1
1980,erdos,2,2,0.3233,1,2,9.461,1
1981,clique,5,5,1.4789,1,5,34.3307,1
1982,erdos,3,5,0.3441,0,3,9.6203,1
1983,erdos,2,3,0.7457,0,2,8.6326,1
1984,erdos,2,5,0.2431,0,2,10.0125,1
1985,erdos,2,4,0.2355,0,2,10.0515,1
1986,clique,5,5,1.7159,1,5,33.5151,1
1987,erdos,4,14,0.4231,0,4,11.5713,1
1988,erdos,2,5,0.3409,0,2,7.9227,1
1989,erdos,1,2,0.2634,0,1,9.4334,1
1990,erdos,2,4,0.3388,0,2,10.6703,1
1991,erdos,1,6,0.4296,0,1,13.311,1
1992,clique,5,5,3.7642,1,5,57.1637,1
1993,clique,5,5,3.7093,1,5,39.3781,1
1994,clique,5,5,1.1505,1,5,25.5173,1
1995,erdos,3,4,0.2263,0,3,13.6598,1
1996,erdos,2,5,4.3771,0,2,16.4358,1
1997,erdos,3,4,0.3144,0,3,10.1328,1
1998,clique,5,5,1.6181,1,5,30.4828,1
1999,erdos,2,2,0.2934,1,2,9.4484,1
2000,erdos,0,0,0.3096,1,0,8.6299,1
